impl,op,n,block_size,runs,median_ms,min_ms,mean_ms,std_ms
cpu,compact,256,0,5,0.000300,0.000200,0.000260,0.000055
cpu,compact,512,0,5,0.000500,0.000400,0.000460,0.000055
cpu,compact,1024,0,5,0.000500,0.000400,0.000520,0.000110
cpu,compact,2048,0,5,0.001000,0.001000,0.001100,0.000173
cpu,compact,4096,0,5,0.002200,0.002100,0.002320,0.000268
cpu,compact,8192,0,5,0.004600,0.004300,0.005540,0.001683
cpu,compact,16384,0,5,0.016700,0.016300,0.016700,0.000374
cpu,compact,32768,0,5,0.046100,0.040700,0.046540,0.004429
cpu,compact,65536,0,5,0.100200,0.091400,0.098460,0.006214
cpu,compact,131072,0,5,0.186800,0.179200,0.192540,0.012725
cpu,compact,262144,0,5,0.389900,0.380500,0.393340,0.013476
cpu,compact,524288,0,5,0.778800,0.762400,0.784220,0.021228
cpu,compact,1048576,0,5,1.564000,1.517300,1.562320,0.037513
cpu,compact,2097152,0,5,3.104900,3.060800,3.101400,0.034777
cpu,compact,4194304,0,5,6.151700,6.128100,6.182180,0.059529
cpu,compact,8388608,0,5,12.306700,12.195200,12.297760,0.068661
cpu,compact,16777216,0,5,24.560101,24.404301,24.573181,0.199099
cpu,compact,33554432,0,5,48.742901,48.319401,48.870001,0.658978
cpu,compact,67108864,0,5,93.110802,91.905502,93.110361,1.080872
cpu,scan,256,0,5,0.000200,0.000100,0.000160,0.000055
cpu,scan,512,0,5,0.000300,0.000200,0.000260,0.000055
cpu,scan,1024,0,5,0.000500,0.000500,0.000520,0.000045
cpu,scan,2048,0,5,0.001000,0.000900,0.000980,0.000045
cpu,scan,4096,0,5,0.002000,0.001900,0.002000,0.000071
cpu,scan,8192,0,5,0.004100,0.004000,0.004060,0.000055
cpu,scan,16384,0,5,0.008100,0.008100,0.008100,0.000000
cpu,scan,32768,0,5,0.016200,0.016200,0.016200,0.000000
cpu,scan,65536,0,5,0.032300,0.032300,0.032300,0.000000
cpu,scan,131072,0,5,0.064500,0.055300,0.060860,0.005030
cpu,scan,262144,0,5,0.110600,0.110500,0.111840,0.002719
cpu,scan,524288,0,5,0.221900,0.221100,0.221900,0.000771
cpu,scan,1048576,0,5,0.442700,0.435400,0.440480,0.004230
cpu,scan,2097152,0,5,0.903600,0.891300,0.906780,0.011968
cpu,scan,4194304,0,5,1.868200,1.856400,1.888620,0.036578
cpu,scan,8388608,0,5,3.844000,3.809600,3.876600,0.066746
cpu,scan,16777216,0,5,7.701900,7.684100,7.804700,0.157246
cpu,scan,33554432,0,5,15.395600,15.357700,15.409180,0.041164
cpu,scan,67108864,0,5,31.518299,30.497299,31.405100,0.714701
cpu_scan,compact,256,0,5,0.000200,0.000200,0.000260,0.000089
cpu_scan,compact,512,0,5,0.000500,0.000400,0.000460,0.000055
cpu_scan,compact,1024,0,5,0.000900,0.000800,0.000880,0.000045
cpu_scan,compact,2048,0,5,0.001800,0.001700,0.002220,0.000622
cpu_scan,compact,4096,0,5,0.003800,0.003500,0.004340,0.001440
cpu_scan,compact,8192,0,5,0.007600,0.007300,0.008040,0.000910
cpu_scan,compact,16384,0,5,0.021300,0.018000,0.021800,0.002785
cpu_scan,compact,32768,0,5,0.059800,0.057100,0.059360,0.002089
cpu_scan,compact,65536,0,5,0.131800,0.129100,0.132140,0.002437
cpu_scan,compact,131072,0,5,0.273900,0.269500,0.277140,0.009863
cpu_scan,compact,262144,0,5,0.874700,0.864500,0.883700,0.026217
cpu_scan,compact,524288,0,5,1.751000,1.664400,1.997240,0.606056
cpu_scan,compact,1048576,0,5,3.214200,3.151000,3.213780,0.055217
cpu_scan,compact,2097152,0,5,6.420300,6.352700,6.442940,0.071369
cpu_scan,compact,4194304,0,5,12.964800,12.887100,12.994640,0.115463
cpu_scan,compact,8388608,0,5,25.980000,25.615900,26.254460,0.759853
cpu_scan,compact,16777216,0,5,52.057899,47.952000,51.517960,2.244799
cpu_scan,compact,33554432,0,5,98.971497,98.184799,99.646259,2.356219
cpu_scan,compact,67108864,0,5,209.614594,202.748306,208.603839,4.293230
efficient,compact,256,32,5,0.147456,0.137216,0.145613,0.008011
efficient,compact,256,64,5,0.148480,0.136192,0.144998,0.007717
efficient,compact,256,128,5,0.142336,0.137216,0.143770,0.005729
efficient,compact,256,256,5,0.140288,0.134144,0.146227,0.011273
efficient,compact,256,512,5,0.150528,0.139264,0.148275,0.005389
efficient,compact,256,1024,5,0.137376,0.126976,0.138886,0.009198
efficient,compact,512,32,5,0.166912,0.156672,0.222854,0.132036
efficient,compact,512,64,5,0.156672,0.138496,0.292102,0.201353
efficient,compact,512,128,5,0.430080,0.180224,0.347840,0.142329
efficient,compact,512,256,5,0.156736,0.141312,0.213619,0.137457
efficient,compact,512,512,5,0.158720,0.142336,0.270541,0.168826
efficient,compact,512,1024,5,0.158720,0.135168,0.228966,0.136844
efficient,compact,1024,32,5,0.169984,0.134144,0.186573,0.059239
efficient,compact,1024,64,5,0.169984,0.146432,0.287539,0.213139
efficient,compact,1024,128,5,0.165888,0.157696,0.166707,0.006287
efficient,compact,1024,256,5,0.171008,0.141312,0.165069,0.016181
efficient,compact,1024,512,5,0.173056,0.161792,0.228762,0.128720
efficient,compact,1024,1024,5,0.168960,0.155648,0.165478,0.006581
efficient,compact,2048,32,5,0.167936,0.148480,0.167322,0.014456
efficient,compact,2048,64,5,0.167936,0.141312,0.165888,0.014697
efficient,compact,2048,128,5,0.166912,0.139264,0.162406,0.013146
efficient,compact,2048,256,5,0.169984,0.154624,0.167322,0.008974
efficient,compact,2048,512,5,0.182272,0.152576,0.182477,0.020395
efficient,compact,2048,1024,5,0.175104,0.151552,0.172032,0.017150
efficient,compact,4096,32,5,0.197632,0.152576,0.185754,0.021315
efficient,compact,4096,64,5,0.181248,0.168224,0.244806,0.136411
efficient,compact,4096,128,5,0.190464,0.145408,0.235110,0.136455
efficient,compact,4096,256,5,0.175104,0.162816,0.186592,0.027330
efficient,compact,4096,512,5,0.196608,0.182272,0.226714,0.056010
efficient,compact,4096,1024,5,0.192512,0.151552,0.190669,0.028084
efficient,compact,8192,32,5,0.212992,0.175392,0.262202,0.128794
efficient,compact,8192,64,5,0.220160,0.159744,0.248013,0.095664
efficient,compact,8192,128,5,0.207872,0.181248,0.209306,0.020321
efficient,compact,8192,256,5,0.216064,0.173056,0.210330,0.021802
efficient,compact,8192,512,5,0.222208,0.196640,0.229792,0.041643
efficient,compact,8192,1024,5,0.210944,0.177152,0.204595,0.021202
efficient,compact,16384,32,5,0.258048,0.216064,0.263373,0.056818
efficient,compact,16384,64,5,0.219136,0.183296,0.244531,0.075149
efficient,compact,16384,128,5,0.226304,0.224256,0.229376,0.006058
efficient,compact,16384,256,5,0.227328,0.173056,0.208691,0.030328
efficient,compact,16384,512,5,0.238592,0.201728,0.229786,0.017522
efficient,compact,16384,1024,5,0.237568,0.191488,0.226304,0.020873
efficient,compact,32768,32,5,0.302848,0.289280,0.303059,0.009460
efficient,compact,32768,64,5,0.279456,0.258656,0.279686,0.017144
efficient,compact,32768,128,5,0.274784,0.265312,0.307526,0.049537
efficient,compact,32768,256,5,0.277344,0.274144,0.359834,0.186265
efficient,compact,32768,512,5,0.266944,0.259456,0.283366,0.031371
efficient,compact,32768,1024,5,0.271648,0.258944,0.288960,0.034796
efficient,compact,65536,32,5,0.346688,0.288320,0.335098,0.041362
efficient,compact,65536,64,5,0.295616,0.285216,0.302957,0.019005
efficient,compact,65536,128,5,0.283520,0.279232,0.284410,0.005196
efficient,compact,65536,256,5,0.321248,0.290496,0.341907,0.065568
efficient,compact,65536,512,5,0.318304,0.290912,0.362630,0.118991
efficient,compact,65536,1024,5,0.300416,0.279904,0.308480,0.038816
efficient,compact,131072,32,5,0.392768,0.354496,0.429766,0.098701
efficient,compact,131072,64,5,0.354656,0.316704,0.401818,0.132412
efficient,compact,131072,128,5,0.305120,0.291744,0.374394,0.141326
efficient,compact,131072,256,5,0.312672,0.292000,0.324058,0.040290
efficient,compact,131072,512,5,0.334048,0.297216,0.358714,0.063160
efficient,compact,131072,1024,5,0.335392,0.291200,0.390643,0.144014
efficient,compact,262144,32,5,0.496480,0.448544,0.480064,0.026474
efficient,compact,262144,64,5,0.415104,0.394592,0.415066,0.017409
efficient,compact,262144,128,5,0.393760,0.323072,0.379021,0.039719
efficient,compact,262144,256,5,0.372864,0.323456,0.459571,0.162502
efficient,compact,262144,512,5,0.359008,0.337472,0.411072,0.117800
efficient,compact,262144,1024,5,0.359680,0.328224,0.372461,0.046921
efficient,compact,524288,32,5,0.555904,0.531328,0.617869,0.114257
efficient,compact,524288,64,5,0.492224,0.464512,0.519315,0.085771
efficient,compact,524288,128,5,0.432576,0.418912,0.476698,0.109598
efficient,compact,524288,256,5,0.397920,0.356928,0.409594,0.048466
efficient,compact,524288,512,5,0.391232,0.347360,0.424122,0.096973
efficient,compact,524288,1024,5,0.418080,0.394240,0.482829,0.147333
efficient,compact,1048576,32,5,0.973120,0.969120,1.041370,0.150419
efficient,compact,1048576,64,5,0.675904,0.586624,0.689318,0.116755
efficient,compact,1048576,128,5,0.496160,0.471392,0.577248,0.178314
efficient,compact,1048576,256,5,0.388544,0.379808,0.479539,0.186676
efficient,compact,1048576,512,5,0.504608,0.394496,0.493395,0.084781
efficient,compact,1048576,1024,5,0.469728,0.438240,0.543277,0.178421
efficient,compact,2097152,32,5,1.898368,1.896288,2.003802,0.234229
efficient,compact,2097152,64,5,1.098368,1.055648,1.138554,0.123088
efficient,compact,2097152,128,5,0.724160,0.715456,0.740333,0.038536
efficient,compact,2097152,256,5,0.657792,0.649440,0.739085,0.175551
efficient,compact,2097152,512,5,0.706976,0.659232,0.716947,0.041799
efficient,compact,2097152,1024,5,0.756352,0.716896,0.805043,0.131043
efficient,compact,4194304,32,5,3.809536,3.807744,3.873965,0.140556
efficient,compact,4194304,64,5,2.051456,2.049920,2.081734,0.042341
efficient,compact,4194304,128,5,1.365120,1.343744,1.386368,0.046178
efficient,compact,4194304,256,5,1.078304,1.061408,1.105709,0.055229
efficient,compact,4194304,512,5,1.076224,0.994272,1.137843,0.197640
efficient,compact,4194304,1024,5,1.256832,1.249088,1.349146,0.172938
efficient,compact,8388608,32,5,7.789856,7.787808,7.889376,0.188477
efficient,compact,8388608,64,5,4.110720,4.107392,4.127706,0.041016
efficient,compact,8388608,128,5,2.593600,2.587808,2.608333,0.034592
efficient,compact,8388608,256,5,1.945824,1.945664,1.976506,0.042106
efficient,compact,8388608,512,5,1.868224,1.840064,1.942227,0.180757
efficient,compact,8388608,1024,5,2.348544,2.338656,2.446304,0.207183
efficient,compact,16777216,32,5,16.038656,16.029024,16.052057,0.040092
efficient,compact,16777216,64,5,8.365184,8.364384,8.384627,0.034657
efficient,compact,16777216,128,5,5.195136,5.183680,5.207302,0.035811
efficient,compact,16777216,256,5,3.831552,3.817056,3.845722,0.040303
efficient,compact,16777216,512,5,3.613664,3.590048,3.621280,0.031884
efficient,compact,16777216,1024,5,4.665088,4.652480,4.811136,0.300104
efficient,compact,33554432,32,5,33.159138,33.157570,33.177357,0.040441
efficient,compact,33554432,64,5,17.206335,17.189119,17.215801,0.032065
efficient,compact,33554432,128,5,10.534656,10.513920,10.556314,0.045667
efficient,compact,33554432,256,5,7.609440,7.584000,7.819808,0.489594
efficient,compact,33554432,512,5,7.155392,7.135776,7.167296,0.043479
efficient,compact,33554432,1024,5,9.463808,9.445024,9.483610,0.038197
efficient,compact,67108864,32,5,68.646019,68.626465,68.671880,0.045900
efficient,compact,67108864,64,5,35.460129,35.457790,35.477395,0.037794
efficient,compact,67108864,128,5,21.509249,21.479521,21.519008,0.041188
efficient,compact,67108864,256,5,15.329920,15.317824,15.358650,0.049501
efficient,compact,67108864,512,5,14.375616,14.351072,14.390874,0.045177
efficient,compact,67108864,1024,5,19.052160,19.043903,19.065292,0.030538
efficient,scan,256,32,5,0.125952,0.120896,0.128013,0.006579
efficient,scan,256,64,5,0.128000,0.094208,0.121242,0.015181
efficient,scan,256,128,5,0.123072,0.119808,0.124384,0.003841
efficient,scan,256,256,5,0.130048,0.121856,0.129434,0.005099
efficient,scan,256,512,5,0.151552,0.135168,0.148480,0.011720
efficient,scan,256,1024,5,0.091136,0.090112,0.090931,0.000458
efficient,scan,512,32,5,0.122880,0.099328,0.145613,0.072173
efficient,scan,512,64,5,0.119808,0.091136,0.141517,0.072979
efficient,scan,512,128,5,0.135168,0.118784,0.134963,0.012633
efficient,scan,512,256,5,0.126976,0.104448,0.124928,0.012202
efficient,scan,512,512,5,0.147456,0.102400,0.145818,0.027272
efficient,scan,512,1024,5,0.098304,0.096256,0.138854,0.082066
efficient,scan,1024,32,5,0.141312,0.104448,0.137011,0.020228
efficient,scan,1024,64,5,0.130048,0.115712,0.133530,0.013788
efficient,scan,1024,128,5,0.142336,0.134144,0.143155,0.007978
efficient,scan,1024,256,5,0.139264,0.125952,0.137421,0.006998
efficient,scan,1024,512,5,0.157696,0.146432,0.163021,0.019716
efficient,scan,1024,1024,5,0.149504,0.138240,0.147866,0.005729
efficient,scan,2048,32,5,0.165888,0.161792,0.191085,0.058645
efficient,scan,2048,64,5,0.160768,0.146432,0.184115,0.063411
efficient,scan,2048,128,5,0.162816,0.144384,0.160154,0.009430
efficient,scan,2048,256,5,0.168960,0.130048,0.161382,0.017760
efficient,scan,2048,512,5,0.161792,0.155648,0.164045,0.007183
efficient,scan,2048,1024,5,0.149504,0.140288,0.184525,0.074578
efficient,scan,4096,32,5,0.178176,0.133120,0.171859,0.022951
efficient,scan,4096,64,5,0.166912,0.143360,0.165888,0.014281
efficient,scan,4096,128,5,0.175104,0.157696,0.171418,0.008647
efficient,scan,4096,256,5,0.173056,0.164864,0.188416,0.028525
efficient,scan,4096,512,5,0.190464,0.140288,0.180634,0.028328
efficient,scan,4096,1024,5,0.176128,0.138240,0.168960,0.017692
efficient,scan,8192,32,5,0.177152,0.151552,0.171418,0.013902
efficient,scan,8192,64,5,0.195584,0.151552,0.248864,0.153526
efficient,scan,8192,128,5,0.180224,0.174080,0.182477,0.010553
efficient,scan,8192,256,5,0.174080,0.143360,0.176333,0.021775
efficient,scan,8192,512,5,0.187392,0.180224,0.187597,0.005674
efficient,scan,8192,1024,5,0.163840,0.148480,0.177562,0.028319
efficient,scan,16384,32,5,0.239904,0.215072,0.252026,0.048741
efficient,scan,16384,64,5,0.205824,0.179200,0.210944,0.024469
efficient,scan,16384,128,5,0.207872,0.204800,0.211354,0.008050
efficient,scan,16384,256,5,0.228352,0.208896,0.229798,0.016568
efficient,scan,16384,512,5,0.246784,0.229376,0.266470,0.047775
efficient,scan,16384,1024,5,0.167936,0.156672,0.193126,0.040797
efficient,scan,32768,32,5,0.279936,0.269536,0.283885,0.014562
efficient,scan,32768,64,5,0.281024,0.274720,0.280154,0.004515
efficient,scan,32768,128,5,0.275648,0.265792,0.282976,0.018783
efficient,scan,32768,256,5,0.272928,0.243904,0.290029,0.057431
efficient,scan,32768,512,5,0.288128,0.259168,0.316115,0.075703
efficient,scan,32768,1024,5,0.293504,0.265824,0.339546,0.105366
efficient,scan,65536,32,5,0.277824,0.246176,0.336762,0.128892
efficient,scan,65536,64,5,0.317248,0.274400,0.324794,0.067311
efficient,scan,65536,128,5,0.283968,0.268736,0.290605,0.026519
efficient,scan,65536,256,5,0.272960,0.255552,0.288774,0.044720
efficient,scan,65536,512,5,0.285120,0.281312,0.307072,0.051476
efficient,scan,65536,1024,5,0.302912,0.281312,0.332538,0.086677
efficient,scan,131072,32,5,0.342080,0.334240,0.407962,0.151143
efficient,scan,131072,64,5,0.361120,0.272608,0.338867,0.052057
efficient,scan,131072,128,5,0.288160,0.277856,0.303027,0.026276
efficient,scan,131072,256,5,0.313760,0.285696,0.335923,0.062406
efficient,scan,131072,512,5,0.285216,0.270912,0.355206,0.165578
efficient,scan,131072,1024,5,0.321696,0.300160,0.387117,0.108789
efficient,scan,262144,32,5,0.453920,0.411136,0.486650,0.113722
efficient,scan,262144,64,5,0.375136,0.332160,0.367686,0.028727
efficient,scan,262144,128,5,0.398208,0.286816,0.487315,0.195955
efficient,scan,262144,256,5,0.414816,0.328352,0.448154,0.139684
efficient,scan,262144,512,5,0.512448,0.369568,0.525357,0.124914
efficient,scan,262144,1024,5,0.434080,0.340864,0.533094,0.286187
efficient,scan,524288,32,5,0.645856,0.545664,0.678650,0.135472
efficient,scan,524288,64,5,0.432768,0.416640,0.441459,0.024056
efficient,scan,524288,128,5,0.371264,0.340384,0.371162,0.026564
efficient,scan,524288,256,5,0.398944,0.369408,0.423597,0.060857
efficient,scan,524288,512,5,0.376128,0.306240,0.446598,0.161123
efficient,scan,524288,1024,5,0.653696,0.329536,0.542758,0.193957
efficient,scan,1048576,32,5,0.914816,0.914080,1.047597,0.183116
efficient,scan,1048576,64,5,0.551328,0.534816,0.571398,0.043065
efficient,scan,1048576,128,5,0.412384,0.405632,0.446240,0.081126
efficient,scan,1048576,256,5,0.373280,0.332640,0.408378,0.091036
efficient,scan,1048576,512,5,0.388384,0.318784,0.404179,0.074826
efficient,scan,1048576,1024,5,0.411584,0.370368,0.508672,0.243521
efficient,scan,2097152,32,5,1.833952,1.793408,1.908346,0.180111
efficient,scan,2097152,64,5,0.970720,0.969504,1.002157,0.070941
efficient,scan,2097152,128,5,0.720480,0.646560,0.703053,0.047743
efficient,scan,2097152,256,5,0.575968,0.564320,0.610214,0.054598
efficient,scan,2097152,512,5,0.586880,0.557824,0.598138,0.048776
efficient,scan,2097152,1024,5,0.735392,0.635968,0.787392,0.204771
efficient,scan,4194304,32,5,3.583552,3.582848,3.672410,0.197196
efficient,scan,4194304,64,5,1.890496,1.887744,1.907078,0.036816
efficient,scan,4194304,128,5,1.193024,1.183072,1.208467,0.039336
efficient,scan,4194304,256,5,0.902304,0.886816,0.918598,0.044320
efficient,scan,4194304,512,5,0.854144,0.826464,0.872467,0.051745
efficient,scan,4194304,1024,5,1.105088,1.096032,1.138227,0.054648
efficient,scan,8388608,32,5,7.348160,7.342560,7.449658,0.193337
efficient,scan,8388608,64,5,3.784032,3.782912,3.800134,0.037013
efficient,scan,8388608,128,5,2.273088,2.272768,2.291866,0.040322
efficient,scan,8388608,256,5,1.631200,1.625952,1.646349,0.036056
efficient,scan,8388608,512,5,1.528192,1.525184,1.543667,0.037214
efficient,scan,8388608,1024,5,2.114432,2.105312,2.131046,0.042309
efficient,scan,16777216,32,5,15.166944,15.162592,15.182906,0.037092
efficient,scan,16777216,64,5,7.756544,7.741376,7.768442,0.033121
efficient,scan,16777216,128,5,4.565728,4.564960,4.583469,0.036721
efficient,scan,16777216,256,5,3.214976,3.211680,3.231098,0.031825
efficient,scan,16777216,512,5,3.052992,2.981984,3.031226,0.043214
efficient,scan,16777216,1024,5,4.024448,4.009664,4.035360,0.035219
efficient,scan,33554432,32,5,31.467775,31.461344,31.495136,0.043343
efficient,scan,33554432,64,5,15.958368,15.949088,15.971149,0.036203
efficient,scan,33554432,128,5,9.297696,9.285600,9.324384,0.046508
efficient,scan,33554432,256,5,6.371424,6.358688,6.396435,0.043548
efficient,scan,33554432,512,5,6.147872,6.088640,6.164698,0.063091
efficient,scan,33554432,1024,5,8.162112,8.160288,8.202682,0.060683
efficient,scan,67108864,32,5,65.384163,65.382301,65.399782,0.031238
efficient,scan,67108864,64,5,32.996544,32.986465,33.009101,0.035012
efficient,scan,67108864,128,5,19.032991,18.984545,19.048070,0.055693
efficient,scan,67108864,256,5,12.880896,12.838464,12.883104,0.040177
efficient,scan,67108864,512,5,12.415776,12.398400,12.624403,0.479117
efficient,scan,67108864,1024,5,16.503424,16.498272,16.521888,0.045187
naive,scan,256,32,5,0.057344,0.044032,0.052403,0.007652
naive,scan,256,64,5,0.058368,0.057344,0.058752,0.001562
naive,scan,256,128,5,0.058112,0.057280,0.068896,0.015501
naive,scan,256,256,5,0.058368,0.039936,0.056115,0.009227
naive,scan,256,512,5,0.081920,0.075776,0.089203,0.020186
naive,scan,256,1024,5,0.058304,0.057344,0.058739,0.001566
naive,scan,512,32,5,0.063488,0.026624,0.121600,0.155152
naive,scan,512,64,5,0.059392,0.023552,0.054886,0.028540
naive,scan,512,128,5,0.069632,0.025600,0.128019,0.156839
naive,scan,512,256,5,0.066560,0.023552,0.058534,0.020231
naive,scan,512,512,5,0.076800,0.025600,0.070387,0.026249
naive,scan,512,1024,5,0.067776,0.025600,0.064346,0.024146
naive,scan,1024,32,5,0.072704,0.057344,0.072269,0.009175
naive,scan,1024,64,5,0.076576,0.074752,0.085133,0.014183
naive,scan,1024,128,5,0.072704,0.057344,0.073728,0.012479
naive,scan,1024,256,5,0.076800,0.071680,0.085747,0.017243
naive,scan,1024,512,5,0.090112,0.067424,0.087379,0.012195
naive,scan,1024,1024,5,0.072704,0.056320,0.076742,0.014704
naive,scan,2048,32,5,0.067584,0.060416,0.066528,0.005592
naive,scan,2048,64,5,0.078848,0.067456,0.084525,0.018665
naive,scan,2048,128,5,0.080896,0.072704,0.094394,0.024175
naive,scan,2048,256,5,0.091136,0.075744,0.145811,0.133086
naive,scan,2048,512,5,0.120832,0.071680,0.107315,0.027395
naive,scan,2048,1024,5,0.074592,0.066560,0.073050,0.003711
naive,scan,4096,32,5,0.077824,0.062464,0.080851,0.015524
naive,scan,4096,64,5,0.076800,0.061440,0.077210,0.011999
naive,scan,4096,128,5,0.089088,0.077824,0.096685,0.019663
naive,scan,4096,256,5,0.080896,0.077600,0.083699,0.007049
naive,scan,4096,512,5,0.129216,0.065536,0.120051,0.033340
naive,scan,4096,1024,5,0.079872,0.076800,0.083539,0.007515
naive,scan,8192,32,5,0.119808,0.088064,0.168506,0.143003
naive,scan,8192,64,5,0.120832,0.089088,0.173670,0.145888
naive,scan,8192,128,5,0.107520,0.089088,0.116326,0.022289
naive,scan,8192,256,5,0.089312,0.085088,0.124070,0.079469
naive,scan,8192,512,5,0.112640,0.093184,0.173670,0.125978
naive,scan,8192,1024,5,0.087040,0.074752,0.154010,0.152249
naive,scan,16384,32,5,0.095232,0.086784,0.099398,0.012390
naive,scan,16384,64,5,0.093184,0.091136,0.122470,0.041517
naive,scan,16384,128,5,0.093184,0.090112,0.103219,0.017399
naive,scan,16384,256,5,0.092160,0.089088,0.109421,0.036558
naive,scan,16384,512,5,0.163840,0.071680,0.144794,0.046508
naive,scan,16384,1024,5,0.118784,0.097280,0.116941,0.014579
naive,scan,32768,32,5,0.131936,0.128608,0.214112,0.115232
naive,scan,32768,64,5,0.185440,0.159936,0.232922,0.128961
naive,scan,32768,128,5,0.127744,0.115680,0.171962,0.086990
naive,scan,32768,256,5,0.127840,0.116352,0.143302,0.042358
naive,scan,32768,512,5,0.127456,0.114560,0.142931,0.047018
naive,scan,32768,1024,5,0.134048,0.101728,0.145856,0.039143
naive,scan,65536,32,5,0.189504,0.149440,0.200467,0.044730
naive,scan,65536,64,5,0.125152,0.119360,0.166336,0.061745
naive,scan,65536,128,5,0.163648,0.106304,0.259085,0.214316
naive,scan,65536,256,5,0.107072,0.105728,0.165901,0.093112
naive,scan,65536,512,5,0.114848,0.107552,0.137875,0.038004
naive,scan,65536,1024,5,0.120512,0.113216,0.170451,0.075051
naive,scan,131072,32,5,0.155424,0.155136,0.209792,0.081394
naive,scan,131072,64,5,0.129408,0.127840,0.198464,0.115498
naive,scan,131072,128,5,0.131040,0.123168,0.166528,0.056351
naive,scan,131072,256,5,0.198016,0.124512,0.191603,0.074342
naive,scan,131072,512,5,0.163488,0.121664,0.199712,0.106347
naive,scan,131072,1024,5,0.127392,0.120096,0.166944,0.062418
naive,scan,262144,32,5,0.312160,0.206752,0.340467,0.161320
naive,scan,262144,64,5,0.202976,0.168320,0.219578,0.057037
naive,scan,262144,128,5,0.192416,0.152768,0.191565,0.035172
naive,scan,262144,256,5,0.169664,0.130400,0.207859,0.106641
naive,scan,262144,512,5,0.145568,0.131968,0.165402,0.037743
naive,scan,262144,1024,5,0.260224,0.156576,0.259328,0.098711
naive,scan,524288,32,5,0.287744,0.282592,0.325875,0.058021
naive,scan,524288,64,5,0.288480,0.191488,0.258592,0.056342
naive,scan,524288,128,5,0.164256,0.148928,0.241683,0.172800
naive,scan,524288,256,5,0.223744,0.165952,0.204698,0.032992
naive,scan,524288,512,5,0.229120,0.168128,0.209709,0.036792
naive,scan,524288,1024,5,0.202880,0.189376,0.217920,0.027532
naive,scan,1048576,32,5,0.530432,0.524704,0.608326,0.139705
naive,scan,1048576,64,5,0.396704,0.302560,0.363366,0.054833
naive,scan,1048576,128,5,0.362208,0.244512,0.347776,0.110262
naive,scan,1048576,256,5,0.337152,0.256640,0.308333,0.044134
naive,scan,1048576,512,5,0.360384,0.276288,0.328941,0.045636
naive,scan,1048576,1024,5,0.315840,0.314688,0.336192,0.046017
naive,scan,2097152,32,5,0.983424,0.981952,1.128192,0.200494
naive,scan,2097152,64,5,0.558944,0.546080,0.583994,0.040969
naive,scan,2097152,128,5,0.543264,0.538080,0.654835,0.228762
naive,scan,2097152,256,5,0.620544,0.539840,0.634989,0.125662
naive,scan,2097152,512,5,0.533344,0.524416,0.563654,0.049789
naive,scan,2097152,1024,5,0.566016,0.564224,0.669178,0.170964
naive,scan,4194304,32,5,1.954208,1.953184,1.971808,0.038076
naive,scan,4194304,64,5,1.138048,1.064256,1.178650,0.165238
naive,scan,4194304,128,5,1.053632,1.037280,1.079302,0.045826
naive,scan,4194304,256,5,1.047008,1.044544,1.075904,0.041920
naive,scan,4194304,512,5,1.031520,1.024192,1.058598,0.043103
naive,scan,4194304,1024,5,1.097824,1.095200,1.184710,0.154399
naive,scan,8388608,32,5,3.992192,3.982528,4.250138,0.381278
naive,scan,8388608,64,5,2.223296,2.146336,2.209645,0.036023
naive,scan,8388608,128,5,2.114720,2.096864,2.131078,0.037603
naive,scan,8388608,256,5,2.099616,2.088800,2.196954,0.223893
naive,scan,8388608,512,5,2.095680,2.076864,2.203859,0.217753
naive,scan,8388608,1024,5,2.215520,2.209280,2.246195,0.046585
naive,scan,16777216,32,5,7.610528,7.601792,7.779578,0.345902
naive,scan,16777216,64,5,4.432032,4.426720,4.446912,0.035804
naive,scan,16777216,128,5,4.318528,4.312608,4.342189,0.051849
naive,scan,16777216,256,5,4.357888,4.326336,4.373792,0.046285
naive,scan,16777216,512,5,4.312608,4.306080,4.327488,0.038233
naive,scan,16777216,1024,5,4.574624,4.566880,4.592461,0.035812
naive,scan,33554432,32,5,15.746144,15.728256,15.758726,0.035548
naive,scan,33554432,64,5,9.250016,9.214656,9.316915,0.151311
naive,scan,33554432,128,5,9.014624,8.998720,9.038541,0.042108
naive,scan,33554432,256,5,9.019456,9.006208,9.043750,0.039896
naive,scan,33554432,512,5,8.987968,8.961568,9.012173,0.049400
naive,scan,33554432,1024,5,9.519104,9.504064,9.540954,0.041299
naive,scan,67108864,32,5,32.707935,32.703327,32.721158,0.034137
naive,scan,67108864,64,5,19.324032,19.302431,19.341215,0.043038
naive,scan,67108864,128,5,18.820864,18.802816,18.852634,0.056265
naive,scan,67108864,256,5,18.837473,18.825184,19.088768,0.519468
naive,scan,67108864,512,5,18.782080,18.764065,18.811449,0.053330
naive,scan,67108864,1024,5,19.890656,19.864609,20.007667,0.252721
thrust,scan,256,0,5,0.025568,0.025408,0.025728,0.000507
thrust,scan,512,0,5,0.052480,0.024640,0.077683,0.078236
thrust,scan,1024,0,5,0.047296,0.024576,0.042266,0.011129
thrust,scan,2048,0,5,0.045056,0.025600,0.039526,0.012428
thrust,scan,4096,0,5,0.025600,0.025600,0.028512,0.005956
thrust,scan,8192,0,5,0.025600,0.024768,0.030349,0.011090
thrust,scan,16384,0,5,0.034816,0.025696,0.097478,0.146417
thrust,scan,32768,0,5,0.038976,0.034816,0.038483,0.002101
thrust,scan,65536,0,5,0.034816,0.026624,0.033587,0.006691
thrust,scan,131072,0,5,0.040224,0.026656,0.102874,0.144179
thrust,scan,262144,0,5,0.433920,0.367584,0.430643,0.067831
thrust,scan,524288,0,5,0.389120,0.357376,0.422099,0.094811
thrust,scan,1048576,0,5,0.405536,0.388096,0.419232,0.041280
thrust,scan,2097152,0,5,0.481248,0.403456,0.499130,0.111276
thrust,scan,4194304,0,5,0.489344,0.423840,0.482086,0.034444
thrust,scan,8388608,0,5,0.519168,0.508864,0.576269,0.136453
thrust,scan,16777216,0,5,0.710976,0.691200,0.716710,0.025163
thrust,scan,33554432,0,5,0.998112,0.957440,1.001005,0.043483
thrust,scan,67108864,0,5,1.483872,1.444864,1.490931,0.040390
