# date=2026-09-16T00:59:06,gpu=NVIDIA GeForce RTX 3090,driver=616.56,git=6a86c42+dirty,args=--n 8..26
impl,op,n,block_size,run,ms,ok
cpu,scan,256,0,0,0.000200,1
cpu,scan,256,0,1,0.000200,1
cpu,scan,256,0,2,0.000100,1
cpu,scan,256,0,3,0.000200,1
cpu,scan,256,0,4,0.000100,1
cpu,scan,512,0,0,0.000200,1
cpu,scan,512,0,1,0.000300,1
cpu,scan,512,0,2,0.000200,1
cpu,scan,512,0,3,0.000300,1
cpu,scan,512,0,4,0.000300,1
cpu,scan,1024,0,0,0.000500,1
cpu,scan,1024,0,1,0.000600,1
cpu,scan,1024,0,2,0.000500,1
cpu,scan,1024,0,3,0.000500,1
cpu,scan,1024,0,4,0.000500,1
cpu,scan,2048,0,0,0.000900,1
cpu,scan,2048,0,1,0.001000,1
cpu,scan,2048,0,2,0.001000,1
cpu,scan,2048,0,3,0.001000,1
cpu,scan,2048,0,4,0.001000,1
cpu,scan,4096,0,0,0.001900,1
cpu,scan,4096,0,1,0.002000,1
cpu,scan,4096,0,2,0.002000,1
cpu,scan,4096,0,3,0.002000,1
cpu,scan,4096,0,4,0.002100,1
cpu,scan,8192,0,0,0.004000,1
cpu,scan,8192,0,1,0.004100,1
cpu,scan,8192,0,2,0.004000,1
cpu,scan,8192,0,3,0.004100,1
cpu,scan,8192,0,4,0.004100,1
cpu,scan,16384,0,0,0.008100,1
cpu,scan,16384,0,1,0.008100,1
cpu,scan,16384,0,2,0.008100,1
cpu,scan,16384,0,3,0.008100,1
cpu,scan,16384,0,4,0.008100,1
cpu,scan,32768,0,0,0.016200,1
cpu,scan,32768,0,1,0.016200,1
cpu,scan,32768,0,2,0.016200,1
cpu,scan,32768,0,3,0.016200,1
cpu,scan,32768,0,4,0.016200,1
cpu,scan,65536,0,0,0.032300,1
cpu,scan,65536,0,1,0.032300,1
cpu,scan,65536,0,2,0.032300,1
cpu,scan,65536,0,3,0.032300,1
cpu,scan,65536,0,4,0.032300,1
cpu,scan,131072,0,0,0.064500,1
cpu,scan,131072,0,1,0.064500,1
cpu,scan,131072,0,2,0.064600,1
cpu,scan,131072,0,3,0.055400,1
cpu,scan,131072,0,4,0.055300,1
cpu,scan,262144,0,0,0.110800,1
cpu,scan,262144,0,1,0.110600,1
cpu,scan,262144,0,2,0.110500,1
cpu,scan,262144,0,3,0.110600,1
cpu,scan,262144,0,4,0.116700,1
cpu,scan,524288,0,0,0.222900,1
cpu,scan,524288,0,1,0.222400,1
cpu,scan,524288,0,2,0.221900,1
cpu,scan,524288,0,3,0.221200,1
cpu,scan,524288,0,4,0.221100,1
cpu,scan,1048576,0,0,0.443700,1
cpu,scan,1048576,0,1,0.436400,1
cpu,scan,1048576,0,2,0.435400,1
cpu,scan,1048576,0,3,0.444200,1
cpu,scan,1048576,0,4,0.442700,1
cpu,scan,2097152,0,0,0.919800,1
cpu,scan,2097152,0,1,0.917900,1
cpu,scan,2097152,0,2,0.901300,1
cpu,scan,2097152,0,3,0.903600,1
cpu,scan,2097152,0,4,0.891300,1
cpu,scan,4194304,0,0,1.856400,1
cpu,scan,4194304,0,1,1.905400,1
cpu,scan,4194304,0,2,1.945100,1
cpu,scan,4194304,0,3,1.868200,1
cpu,scan,4194304,0,4,1.868000,1
cpu,scan,8388608,0,0,3.809600,1
cpu,scan,8388608,0,1,3.836600,1
cpu,scan,8388608,0,2,3.844000,1
cpu,scan,8388608,0,3,3.967900,1
cpu,scan,8388608,0,4,3.924900,1
cpu,scan,16777216,0,0,7.701900,1
cpu,scan,16777216,0,1,7.954100,1
cpu,scan,16777216,0,2,7.684100,1
cpu,scan,16777216,0,3,7.997800,1
cpu,scan,16777216,0,4,7.685600,1
cpu,scan,33554432,0,0,15.440700,1
cpu,scan,33554432,0,1,15.395600,1
cpu,scan,33554432,0,2,15.357700,1
cpu,scan,33554432,0,3,15.460500,1
cpu,scan,33554432,0,4,15.391400,1
cpu,scan,67108864,0,0,30.497299,1
cpu,scan,67108864,0,1,30.866501,1
cpu,scan,67108864,0,2,31.954500,1
cpu,scan,67108864,0,3,32.188900,1
cpu,scan,67108864,0,4,31.518299,1
cpu,compact,256,0,0,0.000300,1
cpu,compact,256,0,1,0.000200,1
cpu,compact,256,0,2,0.000200,1
cpu,compact,256,0,3,0.000300,1
cpu,compact,256,0,4,0.000300,1
cpu,compact,512,0,0,0.000500,1
cpu,compact,512,0,1,0.000500,1
cpu,compact,512,0,2,0.000500,1
cpu,compact,512,0,3,0.000400,1
cpu,compact,512,0,4,0.000400,1
cpu,compact,1024,0,0,0.000700,1
cpu,compact,1024,0,1,0.000500,1
cpu,compact,1024,0,2,0.000500,1
cpu,compact,1024,0,3,0.000500,1
cpu,compact,1024,0,4,0.000400,1
cpu,compact,2048,0,0,0.001400,1
cpu,compact,2048,0,1,0.001100,1
cpu,compact,2048,0,2,0.001000,1
cpu,compact,2048,0,3,0.001000,1
cpu,compact,2048,0,4,0.001000,1
cpu,compact,4096,0,0,0.002700,1
cpu,compact,4096,0,1,0.002500,1
cpu,compact,4096,0,2,0.002200,1
cpu,compact,4096,0,3,0.002100,1
cpu,compact,4096,0,4,0.002100,1
cpu,compact,8192,0,0,0.006000,1
cpu,compact,8192,0,1,0.008300,1
cpu,compact,8192,0,2,0.004600,1
cpu,compact,8192,0,3,0.004500,1
cpu,compact,8192,0,4,0.004300,1
cpu,compact,16384,0,0,0.016700,1
cpu,compact,16384,0,1,0.017300,1
cpu,compact,16384,0,2,0.016300,1
cpu,compact,16384,0,3,0.016500,1
cpu,compact,16384,0,4,0.016700,1
cpu,compact,32768,0,0,0.040700,1
cpu,compact,32768,0,1,0.050600,1
cpu,compact,32768,0,2,0.051200,1
cpu,compact,32768,0,3,0.046100,1
cpu,compact,32768,0,4,0.044100,1
cpu,compact,65536,0,0,0.091400,1
cpu,compact,65536,0,1,0.100200,1
cpu,compact,65536,0,2,0.103900,1
cpu,compact,65536,0,3,0.092400,1
cpu,compact,65536,0,4,0.104400,1
cpu,compact,131072,0,0,0.206000,1
cpu,compact,131072,0,1,0.206300,1
cpu,compact,131072,0,2,0.186800,1
cpu,compact,131072,0,3,0.184400,1
cpu,compact,131072,0,4,0.179200,1
cpu,compact,262144,0,0,0.380500,1
cpu,compact,262144,0,1,0.389900,1
cpu,compact,262144,0,2,0.416200,1
cpu,compact,262144,0,3,0.391700,1
cpu,compact,262144,0,4,0.388400,1
cpu,compact,524288,0,0,0.812400,1
cpu,compact,524288,0,1,0.799600,1
cpu,compact,524288,0,2,0.762400,1
cpu,compact,524288,0,3,0.778800,1
cpu,compact,524288,0,4,0.767900,1
cpu,compact,1048576,0,0,1.564000,1
cpu,compact,1048576,0,1,1.612500,1
cpu,compact,1048576,0,2,1.517300,1
cpu,compact,1048576,0,3,1.535900,1
cpu,compact,1048576,0,4,1.581900,1
cpu,compact,2097152,0,0,3.071500,1
cpu,compact,2097152,0,1,3.104900,1
cpu,compact,2097152,0,2,3.130500,1
cpu,compact,2097152,0,3,3.139300,1
cpu,compact,2097152,0,4,3.060800,1
cpu,compact,4194304,0,0,6.271900,1
cpu,compact,4194304,0,1,6.146000,1
cpu,compact,4194304,0,2,6.151700,1
cpu,compact,4194304,0,3,6.213200,1
cpu,compact,4194304,0,4,6.128100,1
cpu,compact,8388608,0,0,12.306700,1
cpu,compact,8388608,0,1,12.330000,1
cpu,compact,8388608,0,2,12.380100,1
cpu,compact,8388608,0,3,12.195200,1
cpu,compact,8388608,0,4,12.276800,1
cpu,compact,16777216,0,0,24.891701,1
cpu,compact,16777216,0,1,24.560101,1
cpu,compact,16777216,0,2,24.404301,1
cpu,compact,16777216,0,3,24.407200,1
cpu,compact,16777216,0,4,24.602600,1
cpu,compact,33554432,0,0,48.742901,1
cpu,compact,33554432,0,1,49.976700,1
cpu,compact,33554432,0,2,48.430901,1
cpu,compact,33554432,0,3,48.319401,1
cpu,compact,33554432,0,4,48.880100,1
cpu,compact,67108864,0,0,92.588699,1
cpu,compact,67108864,0,1,91.905502,1
cpu,compact,67108864,0,2,93.119102,1
cpu,compact,67108864,0,3,94.827698,1
cpu,compact,67108864,0,4,93.110802,1
cpu_scan,compact,256,0,0,0.000400,1
cpu_scan,compact,256,0,1,0.000300,1
cpu_scan,compact,256,0,2,0.000200,1
cpu_scan,compact,256,0,3,0.000200,1
cpu_scan,compact,256,0,4,0.000200,1
cpu_scan,compact,512,0,0,0.000500,1
cpu_scan,compact,512,0,1,0.000400,1
cpu_scan,compact,512,0,2,0.000500,1
cpu_scan,compact,512,0,3,0.000400,1
cpu_scan,compact,512,0,4,0.000500,1
cpu_scan,compact,1024,0,0,0.000900,1
cpu_scan,compact,1024,0,1,0.000900,1
cpu_scan,compact,1024,0,2,0.000800,1
cpu_scan,compact,1024,0,3,0.000900,1
cpu_scan,compact,1024,0,4,0.000900,1
cpu_scan,compact,2048,0,0,0.002900,1
cpu_scan,compact,2048,0,1,0.001800,1
cpu_scan,compact,2048,0,2,0.002900,1
cpu_scan,compact,2048,0,3,0.001700,1
cpu_scan,compact,2048,0,4,0.001800,1
cpu_scan,compact,4096,0,0,0.006900,1
cpu_scan,compact,4096,0,1,0.003900,1
cpu_scan,compact,4096,0,2,0.003600,1
cpu_scan,compact,4096,0,3,0.003500,1
cpu_scan,compact,4096,0,4,0.003800,1
cpu_scan,compact,8192,0,0,0.009300,1
cpu_scan,compact,8192,0,1,0.008700,1
cpu_scan,compact,8192,0,2,0.007600,1
cpu_scan,compact,8192,0,3,0.007300,1
cpu_scan,compact,8192,0,4,0.007300,1
cpu_scan,compact,16384,0,0,0.023400,1
cpu_scan,compact,16384,0,1,0.025400,1
cpu_scan,compact,16384,0,2,0.021300,1
cpu_scan,compact,16384,0,3,0.020900,1
cpu_scan,compact,16384,0,4,0.018000,1
cpu_scan,compact,32768,0,0,0.057600,1
cpu_scan,compact,32768,0,1,0.059800,1
cpu_scan,compact,32768,0,2,0.062300,1
cpu_scan,compact,32768,0,3,0.060000,1
cpu_scan,compact,32768,0,4,0.057100,1
cpu_scan,compact,65536,0,0,0.129100,1
cpu_scan,compact,65536,0,1,0.131800,1
cpu_scan,compact,65536,0,2,0.131000,1
cpu_scan,compact,65536,0,3,0.135600,1
cpu_scan,compact,65536,0,4,0.133200,1
cpu_scan,compact,131072,0,0,0.273900,1
cpu_scan,compact,131072,0,1,0.293400,1
cpu_scan,compact,131072,0,2,0.269500,1
cpu_scan,compact,131072,0,3,0.269900,1
cpu_scan,compact,131072,0,4,0.279000,1
cpu_scan,compact,262144,0,0,0.864500,1
cpu_scan,compact,262144,0,1,0.928500,1
cpu_scan,compact,262144,0,2,0.874700,1
cpu_scan,compact,262144,0,3,0.866600,1
cpu_scan,compact,262144,0,4,0.884200,1
cpu_scan,compact,524288,0,0,3.077400,1
cpu_scan,compact,524288,0,1,1.751000,1
cpu_scan,compact,524288,0,2,1.799200,1
cpu_scan,compact,524288,0,3,1.664400,1
cpu_scan,compact,524288,0,4,1.694200,1
cpu_scan,compact,1048576,0,0,3.171900,1
cpu_scan,compact,1048576,0,1,3.214200,1
cpu_scan,compact,1048576,0,2,3.289000,1
cpu_scan,compact,1048576,0,3,3.151000,1
cpu_scan,compact,1048576,0,4,3.242800,1
cpu_scan,compact,2097152,0,0,6.352700,1
cpu_scan,compact,2097152,0,1,6.532000,1
cpu_scan,compact,2097152,0,2,6.413000,1
cpu_scan,compact,2097152,0,3,6.496700,1
cpu_scan,compact,2097152,0,4,6.420300,1
cpu_scan,compact,4194304,0,0,12.887100,1
cpu_scan,compact,4194304,0,1,12.964800,1
cpu_scan,compact,4194304,0,2,13.181400,1
cpu_scan,compact,4194304,0,3,13.018800,1
cpu_scan,compact,4194304,0,4,12.921100,1
cpu_scan,compact,8388608,0,0,26.242300,1
cpu_scan,compact,8388608,0,1,25.980000,1
cpu_scan,compact,8388608,0,2,25.880899,1
cpu_scan,compact,8388608,0,3,27.553200,1
cpu_scan,compact,8388608,0,4,25.615900,1
cpu_scan,compact,16777216,0,0,52.411301,1
cpu_scan,compact,16777216,0,1,52.057899,1
cpu_scan,compact,16777216,0,2,54.012001,1
cpu_scan,compact,16777216,0,3,51.156601,1
cpu_scan,compact,16777216,0,4,47.952000,1
cpu_scan,compact,33554432,0,0,103.801201,1
cpu_scan,compact,33554432,0,1,98.184799,1
cpu_scan,compact,33554432,0,2,99.033600,1
cpu_scan,compact,33554432,0,3,98.240196,1
cpu_scan,compact,33554432,0,4,98.971497,1
cpu_scan,compact,67108864,0,0,205.703293,1
cpu_scan,compact,67108864,0,1,202.748306,1
cpu_scan,compact,67108864,0,2,212.547897,1
cpu_scan,compact,67108864,0,3,212.405106,1
cpu_scan,compact,67108864,0,4,209.614594,1
naive,scan,256,32,0,0.058240,1
naive,scan,256,32,1,0.058368,1
naive,scan,256,32,2,0.044032,1
naive,scan,256,32,3,0.057344,1
naive,scan,256,32,4,0.044032,1
naive,scan,512,32,0,0.046944,1
naive,scan,512,32,1,0.026624,1
naive,scan,512,32,2,0.397312,1
naive,scan,512,32,3,0.073632,1
naive,scan,512,32,4,0.063488,1
naive,scan,1024,32,0,0.076800,1
naive,scan,1024,32,1,0.057344,1
naive,scan,1024,32,2,0.072704,1
naive,scan,1024,32,3,0.072576,1
naive,scan,1024,32,4,0.081920,1
naive,scan,2048,32,0,0.067584,1
naive,scan,2048,32,1,0.060416,1
naive,scan,2048,32,2,0.067584,1
naive,scan,2048,32,3,0.074752,1
naive,scan,2048,32,4,0.062304,1
naive,scan,4096,32,0,0.105472,1
naive,scan,4096,32,1,0.062464,1
naive,scan,4096,32,2,0.077824,1
naive,scan,4096,32,3,0.077600,1
naive,scan,4096,32,4,0.080896,1
naive,scan,8192,32,0,0.119808,1
naive,scan,8192,32,1,0.088064,1
naive,scan,8192,32,2,0.091936,1
naive,scan,8192,32,3,0.422912,1
naive,scan,8192,32,4,0.119808,1
naive,scan,16384,32,0,0.095232,1
naive,scan,16384,32,1,0.101184,1
naive,scan,16384,32,2,0.086784,1
naive,scan,16384,32,3,0.119584,1
naive,scan,16384,32,4,0.094208,1
naive,scan,32768,32,0,0.317568,1
naive,scan,32768,32,1,0.360864,1
naive,scan,32768,32,2,0.131584,1
naive,scan,32768,32,3,0.131936,1
naive,scan,32768,32,4,0.128608,1
naive,scan,65536,32,0,0.189504,1
naive,scan,65536,32,1,0.264992,1
naive,scan,65536,32,2,0.149440,1
naive,scan,65536,32,3,0.222784,1
naive,scan,65536,32,4,0.175616,1
naive,scan,131072,32,0,0.155296,1
naive,scan,131072,32,1,0.245632,1
naive,scan,131072,32,2,0.155424,1
naive,scan,131072,32,3,0.155136,1
naive,scan,131072,32,4,0.337472,1
naive,scan,262144,32,0,0.206880,1
naive,scan,262144,32,1,0.312160,1
naive,scan,262144,32,2,0.206752,1
naive,scan,262144,32,3,0.597536,1
naive,scan,262144,32,4,0.379008,1
naive,scan,524288,32,0,0.282784,1
naive,scan,524288,32,1,0.371840,1
naive,scan,524288,32,2,0.404416,1
naive,scan,524288,32,3,0.287744,1
naive,scan,524288,32,4,0.282592,1
naive,scan,1048576,32,0,0.530432,1
naive,scan,1048576,32,1,0.849824,1
naive,scan,1048576,32,2,0.610112,1
naive,scan,1048576,32,3,0.524704,1
naive,scan,1048576,32,4,0.526560,1
naive,scan,2097152,32,0,0.982688,1
naive,scan,2097152,32,1,1.314784,1
naive,scan,2097152,32,2,1.378112,1
naive,scan,2097152,32,3,0.983424,1
naive,scan,2097152,32,4,0.981952,1
naive,scan,4194304,32,0,1.958528,1
naive,scan,4194304,32,1,2.039808,1
naive,scan,4194304,32,2,1.953184,1
naive,scan,4194304,32,3,1.954208,1
naive,scan,4194304,32,4,1.953312,1
naive,scan,8388608,32,0,3.982528,1
naive,scan,8388608,32,1,4.469440,1
naive,scan,8388608,32,2,3.992192,1
naive,scan,8388608,32,3,4.820608,1
naive,scan,8388608,32,4,3.985920,1
naive,scan,16777216,32,0,7.610528,1
naive,scan,16777216,32,1,7.686080,1
naive,scan,16777216,32,2,8.395168,1
naive,scan,16777216,32,3,7.604320,1
naive,scan,16777216,32,4,7.601792,1
naive,scan,33554432,32,0,15.746144,1
naive,scan,33554432,32,1,15.818976,1
naive,scan,33554432,32,2,15.728256,1
naive,scan,33554432,32,3,15.740384,1
naive,scan,33554432,32,4,15.759872,1
naive,scan,67108864,32,0,32.703327,1
naive,scan,67108864,32,1,32.782112,1
naive,scan,67108864,32,2,32.704479,1
naive,scan,67108864,32,3,32.707935,1
naive,scan,67108864,32,4,32.707935,1
naive,scan,256,64,0,0.057344,1
naive,scan,256,64,1,0.061440,1
naive,scan,256,64,2,0.058368,1
naive,scan,256,64,3,0.058368,1
naive,scan,256,64,4,0.058240,1
naive,scan,512,64,0,0.059392,1
naive,scan,512,64,1,0.023552,1
naive,scan,512,64,2,0.087040,1
naive,scan,512,64,3,0.027648,1
naive,scan,512,64,4,0.076800,1
naive,scan,1024,64,0,0.076576,1
naive,scan,1024,64,1,0.075776,1
naive,scan,1024,64,2,0.091040,1
naive,scan,1024,64,3,0.074752,1
naive,scan,1024,64,4,0.107520,1
naive,scan,2048,64,0,0.074752,1
naive,scan,2048,64,1,0.067456,1
naive,scan,2048,64,2,0.085856,1
naive,scan,2048,64,3,0.115712,1
naive,scan,2048,64,4,0.078848,1
naive,scan,4096,64,0,0.075776,1
naive,scan,4096,64,1,0.061440,1
naive,scan,4096,64,2,0.095232,1
naive,scan,4096,64,3,0.076800,1
naive,scan,4096,64,4,0.076800,1
naive,scan,8192,64,0,0.089088,1
naive,scan,8192,64,1,0.136192,1
naive,scan,8192,64,2,0.120832,1
naive,scan,8192,64,3,0.090112,1
naive,scan,8192,64,4,0.432128,1
naive,scan,16384,64,0,0.168960,1
naive,scan,16384,64,1,0.166912,1
naive,scan,16384,64,2,0.093184,1
naive,scan,16384,64,3,0.092160,1
naive,scan,16384,64,4,0.091136,1
naive,scan,32768,64,0,0.159936,1
naive,scan,32768,64,1,0.461856,1
naive,scan,32768,64,2,0.185440,1
naive,scan,32768,64,3,0.160672,1
naive,scan,32768,64,4,0.196704,1
naive,scan,65536,64,0,0.119360,1
naive,scan,65536,64,1,0.207616,1
naive,scan,65536,64,2,0.124416,1
naive,scan,65536,64,3,0.255136,1
naive,scan,65536,64,4,0.125152,1
naive,scan,131072,64,0,0.128992,1
naive,scan,131072,64,1,0.211104,1
naive,scan,131072,64,2,0.129408,1
naive,scan,131072,64,3,0.127840,1
naive,scan,131072,64,4,0.394976,1
naive,scan,262144,64,0,0.177728,1
naive,scan,262144,64,1,0.240224,1
naive,scan,262144,64,2,0.202976,1
naive,scan,262144,64,3,0.168320,1
naive,scan,262144,64,4,0.308640,1
naive,scan,524288,64,0,0.191488,1
naive,scan,524288,64,1,0.301856,1
naive,scan,524288,64,2,0.307584,1
naive,scan,524288,64,3,0.288480,1
naive,scan,524288,64,4,0.203552,1
naive,scan,1048576,64,0,0.396704,1
naive,scan,1048576,64,1,0.405600,1
naive,scan,1048576,64,2,0.304384,1
naive,scan,1048576,64,3,0.407584,1
naive,scan,1048576,64,4,0.302560,1
naive,scan,2097152,64,0,0.546080,1
naive,scan,2097152,64,1,0.629184,1
naive,scan,2097152,64,2,0.558944,1
naive,scan,2097152,64,3,0.627872,1
naive,scan,2097152,64,4,0.557888,1
naive,scan,4194304,64,0,1.467744,1
naive,scan,4194304,64,1,1.138048,1
naive,scan,4194304,64,2,1.142528,1
naive,scan,4194304,64,3,1.080672,1
naive,scan,4194304,64,4,1.064256,1
naive,scan,8388608,64,0,2.223296,1
naive,scan,8388608,64,1,2.235360,1
naive,scan,8388608,64,2,2.146336,1
naive,scan,8388608,64,3,2.226528,1
naive,scan,8388608,64,4,2.216704,1
naive,scan,16777216,64,0,4.426720,1
naive,scan,16777216,64,1,4.510752,1
naive,scan,16777216,64,2,4.432032,1
naive,scan,16777216,64,3,4.434688,1
naive,scan,16777216,64,4,4.430368,1
naive,scan,33554432,64,0,9.237600,1
naive,scan,33554432,64,1,9.581664,1
naive,scan,33554432,64,2,9.300640,1
naive,scan,33554432,64,3,9.214656,1
naive,scan,33554432,64,4,9.250016,1
naive,scan,67108864,64,0,19.380928,1
naive,scan,67108864,64,1,19.393503,1
naive,scan,67108864,64,2,19.324032,1
naive,scan,67108864,64,3,19.302431,1
naive,scan,67108864,64,4,19.305183,1
naive,scan,256,128,0,0.086016,1
naive,scan,256,128,1,0.085728,1
naive,scan,256,128,2,0.057344,1
naive,scan,256,128,3,0.058112,1
naive,scan,256,128,4,0.057280,1
naive,scan,512,128,0,0.068704,1
naive,scan,512,128,1,0.025600,1
naive,scan,512,128,2,0.406528,1
naive,scan,512,128,3,0.069632,1
naive,scan,512,128,4,0.069632,1
naive,scan,1024,128,0,0.070656,1
naive,scan,1024,128,1,0.057344,1
naive,scan,1024,128,2,0.092160,1
naive,scan,1024,128,3,0.072704,1
naive,scan,1024,128,4,0.075776,1
naive,scan,2048,128,0,0.079776,1
naive,scan,2048,128,1,0.072704,1
naive,scan,2048,128,2,0.130048,1
naive,scan,2048,128,3,0.108544,1
naive,scan,2048,128,4,0.080896,1
naive,scan,4096,128,0,0.086016,1
naive,scan,4096,128,1,0.102400,1
naive,scan,4096,128,2,0.128096,1
naive,scan,4096,128,3,0.089088,1
naive,scan,4096,128,4,0.077824,1
naive,scan,8192,128,0,0.106496,1
naive,scan,8192,128,1,0.136192,1
naive,scan,8192,128,2,0.142336,1
naive,scan,8192,128,3,0.107520,1
naive,scan,8192,128,4,0.089088,1
naive,scan,16384,128,0,0.090112,1
naive,scan,16384,128,1,0.131072,1
naive,scan,16384,128,2,0.092160,1
naive,scan,16384,128,3,0.093184,1
naive,scan,16384,128,4,0.109568,1
naive,scan,32768,128,0,0.127744,1
naive,scan,32768,128,1,0.170464,1
naive,scan,32768,128,2,0.115680,1
naive,scan,32768,128,3,0.123104,1
naive,scan,32768,128,4,0.322816,1
naive,scan,65536,128,0,0.301920,1
naive,scan,65536,128,1,0.615104,1
naive,scan,65536,128,2,0.163648,1
naive,scan,65536,128,3,0.108448,1
naive,scan,65536,128,4,0.106304,1
naive,scan,131072,128,0,0.123168,1
naive,scan,131072,128,1,0.206528,1
naive,scan,131072,128,2,0.245984,1
naive,scan,131072,128,3,0.125920,1
naive,scan,131072,128,4,0.131040,1
naive,scan,262144,128,0,0.192416,1
naive,scan,262144,128,1,0.233568,1
naive,scan,262144,128,2,0.152768,1
naive,scan,262144,128,3,0.218432,1
naive,scan,262144,128,4,0.160640,1
naive,scan,524288,128,0,0.148928,1
naive,scan,524288,128,1,0.549888,1
naive,scan,524288,128,2,0.185440,1
naive,scan,524288,128,3,0.164256,1
naive,scan,524288,128,4,0.159904,1
naive,scan,1048576,128,0,0.244512,1
naive,scan,1048576,128,1,0.514016,1
naive,scan,1048576,128,2,0.362208,1
naive,scan,1048576,128,3,0.249376,1
naive,scan,1048576,128,4,0.368768,1
naive,scan,2097152,128,0,0.543264,1
naive,scan,2097152,128,1,1.062400,1
naive,scan,2097152,128,2,0.538080,1
naive,scan,2097152,128,3,0.542016,1
naive,scan,2097152,128,4,0.588416,1
naive,scan,4194304,128,0,1.047424,1
naive,scan,4194304,128,1,1.128160,1
naive,scan,4194304,128,2,1.037280,1
naive,scan,4194304,128,3,1.130016,1
naive,scan,4194304,128,4,1.053632,1
naive,scan,8388608,128,0,2.114720,1
naive,scan,8388608,128,1,2.177056,1
naive,scan,8388608,128,2,2.101024,1
naive,scan,8388608,128,3,2.096864,1
naive,scan,8388608,128,4,2.165728,1
naive,scan,16777216,128,0,4.317088,1
naive,scan,16777216,128,1,4.434368,1
naive,scan,16777216,128,2,4.318528,1
naive,scan,16777216,128,3,4.328352,1
naive,scan,16777216,128,4,4.312608,1
naive,scan,33554432,128,0,9.014624,1
naive,scan,33554432,128,1,9.083200,1
naive,scan,33554432,128,2,9.085216,1
naive,scan,33554432,128,3,9.010944,1
naive,scan,33554432,128,4,8.998720,1
naive,scan,67108864,128,0,18.811872,1
naive,scan,67108864,128,1,18.917408,1
naive,scan,67108864,128,2,18.802816,1
naive,scan,67108864,128,3,18.820864,1
naive,scan,67108864,128,4,18.910208,1
naive,scan,256,256,0,0.058368,1
naive,scan,256,256,1,0.061440,1
naive,scan,256,256,2,0.062464,1
naive,scan,256,256,3,0.058368,1
naive,scan,256,256,4,0.039936,1
naive,scan,512,256,0,0.073536,1
naive,scan,512,256,1,0.023552,1
naive,scan,512,256,2,0.059392,1
naive,scan,512,256,3,0.066560,1
naive,scan,512,256,4,0.069632,1
naive,scan,1024,256,0,0.071680,1
naive,scan,1024,256,1,0.111616,1
naive,scan,1024,256,2,0.076800,1
naive,scan,1024,256,3,0.073408,1
naive,scan,1024,256,4,0.095232,1
naive,scan,2048,256,0,0.075776,1
naive,scan,2048,256,1,0.091136,1
naive,scan,2048,256,2,0.103424,1
naive,scan,2048,256,3,0.075744,1
naive,scan,2048,256,4,0.382976,1
naive,scan,4096,256,0,0.077600,1
naive,scan,4096,256,1,0.080896,1
naive,scan,4096,256,2,0.077760,1
naive,scan,4096,256,3,0.093152,1
naive,scan,4096,256,4,0.089088,1
naive,scan,8192,256,0,0.088800,1
naive,scan,8192,256,1,0.266176,1
naive,scan,8192,256,2,0.085088,1
naive,scan,8192,256,3,0.089312,1
naive,scan,8192,256,4,0.090976,1
naive,scan,16384,256,0,0.174368,1
naive,scan,16384,256,1,0.089088,1
naive,scan,16384,256,2,0.100352,1
naive,scan,16384,256,3,0.092160,1
naive,scan,16384,256,4,0.091136,1
naive,scan,32768,256,0,0.124224,1
naive,scan,32768,256,1,0.218528,1
naive,scan,32768,256,2,0.116352,1
naive,scan,32768,256,3,0.127840,1
naive,scan,32768,256,4,0.129568,1
naive,scan,65536,256,0,0.105728,1
naive,scan,65536,256,1,0.319168,1
naive,scan,65536,256,2,0.190720,1
naive,scan,65536,256,3,0.107072,1
naive,scan,65536,256,4,0.106816,1
naive,scan,131072,256,0,0.124512,1
naive,scan,131072,256,1,0.204032,1
naive,scan,131072,256,2,0.125600,1
naive,scan,131072,256,3,0.305856,1
naive,scan,131072,256,4,0.198016,1
naive,scan,262144,256,0,0.138368,1
naive,scan,262144,256,1,0.390048,1
naive,scan,262144,256,2,0.169664,1
naive,scan,262144,256,3,0.130400,1
naive,scan,262144,256,4,0.210816,1
naive,scan,524288,256,0,0.171776,1
naive,scan,524288,256,1,0.227712,1
naive,scan,524288,256,2,0.234304,1
naive,scan,524288,256,3,0.223744,1
naive,scan,524288,256,4,0.165952,1
naive,scan,1048576,256,0,0.256640,1
naive,scan,1048576,256,1,0.345920,1
naive,scan,1048576,256,2,0.263776,1
naive,scan,1048576,256,3,0.338176,1
naive,scan,1048576,256,4,0.337152,1
naive,scan,2097152,256,0,0.847424,1
naive,scan,2097152,256,1,0.625312,1
naive,scan,2097152,256,2,0.620544,1
naive,scan,2097152,256,3,0.539840,1
naive,scan,2097152,256,4,0.541824,1
naive,scan,4194304,256,0,1.045600,1
naive,scan,4194304,256,1,1.130976,1
naive,scan,4194304,256,2,1.111392,1
naive,scan,4194304,256,3,1.044544,1
naive,scan,4194304,256,4,1.047008,1
naive,scan,8388608,256,0,2.088800,1
naive,scan,8388608,256,1,2.597376,1
naive,scan,8388608,256,2,2.100896,1
naive,scan,8388608,256,3,2.098080,1
naive,scan,8388608,256,4,2.099616,1
naive,scan,16777216,256,0,4.357888,1
naive,scan,16777216,256,1,4.431328,1
naive,scan,16777216,256,2,4.413696,1
naive,scan,16777216,256,3,4.326336,1
naive,scan,16777216,256,4,4.339712,1
naive,scan,33554432,256,0,9.006208,1
naive,scan,33554432,256,1,9.091008,1
naive,scan,33554432,256,2,9.019456,1
naive,scan,33554432,256,3,9.082880,1
naive,scan,33554432,256,4,9.019200,1
naive,scan,67108864,256,0,18.825184,1
naive,scan,67108864,256,1,18.934528,1
naive,scan,67108864,256,2,18.837473,1
naive,scan,67108864,256,3,20.014561,1
naive,scan,67108864,256,4,18.832096,1
naive,scan,256,512,0,0.081920,1
naive,scan,256,512,1,0.083648,1
naive,scan,256,512,2,0.079744,1
naive,scan,256,512,3,0.075776,1
naive,scan,256,512,4,0.124928,1
naive,scan,512,512,0,0.076800,1
naive,scan,512,512,1,0.025600,1
naive,scan,512,512,2,0.095232,1
naive,scan,512,512,3,0.076800,1
naive,scan,512,512,4,0.077504,1
naive,scan,1024,512,0,0.099328,1
naive,scan,1024,512,1,0.085984,1
naive,scan,1024,512,2,0.090112,1
naive,scan,1024,512,3,0.094048,1
naive,scan,1024,512,4,0.067424,1
naive,scan,2048,512,0,0.123904,1
naive,scan,2048,512,1,0.071680,1
naive,scan,2048,512,2,0.120832,1
naive,scan,2048,512,3,0.084992,1
naive,scan,2048,512,4,0.135168,1
naive,scan,4096,512,0,0.065536,1
naive,scan,4096,512,1,0.118784,1
naive,scan,4096,512,2,0.129216,1
naive,scan,4096,512,3,0.131072,1
naive,scan,4096,512,4,0.155648,1
naive,scan,8192,512,0,0.111616,1
naive,scan,8192,512,1,0.093184,1
naive,scan,8192,512,2,0.395264,1
naive,scan,8192,512,3,0.155648,1
naive,scan,8192,512,4,0.112640,1
naive,scan,16384,512,0,0.126976,1
naive,scan,16384,512,1,0.176128,1
naive,scan,16384,512,2,0.163840,1
naive,scan,16384,512,3,0.185344,1
naive,scan,16384,512,4,0.071680,1
naive,scan,32768,512,0,0.114560,1
naive,scan,32768,512,1,0.226368,1
naive,scan,32768,512,2,0.117984,1
naive,scan,32768,512,3,0.128288,1
naive,scan,32768,512,4,0.127456,1
naive,scan,65536,512,0,0.107552,1
naive,scan,65536,512,1,0.192832,1
naive,scan,65536,512,2,0.114848,1
naive,scan,65536,512,3,0.111520,1
naive,scan,65536,512,4,0.162624,1
naive,scan,131072,512,0,0.125248,1
naive,scan,131072,512,1,0.379168,1
naive,scan,131072,512,2,0.121664,1
naive,scan,131072,512,3,0.208992,1
naive,scan,131072,512,4,0.163488,1
naive,scan,262144,512,0,0.136736,1
naive,scan,262144,512,1,0.204288,1
naive,scan,262144,512,2,0.131968,1
naive,scan,262144,512,3,0.208448,1
naive,scan,262144,512,4,0.145568,1
naive,scan,524288,512,0,0.171584,1
naive,scan,524288,512,1,0.229120,1
naive,scan,524288,512,2,0.244192,1
naive,scan,524288,512,3,0.235520,1
naive,scan,524288,512,4,0.168128,1
naive,scan,1048576,512,0,0.360384,1
naive,scan,1048576,512,1,0.364704,1
naive,scan,1048576,512,2,0.361568,1
naive,scan,1048576,512,3,0.276288,1
naive,scan,1048576,512,4,0.281760,1
naive,scan,2097152,512,0,0.533344,1
naive,scan,2097152,512,1,0.617504,1
naive,scan,2097152,512,2,0.618592,1
naive,scan,2097152,512,3,0.524416,1
naive,scan,2097152,512,4,0.524416,1
naive,scan,4194304,512,0,1.031520,1
naive,scan,4194304,512,1,1.106912,1
naive,scan,4194304,512,2,1.104512,1
naive,scan,4194304,512,3,1.024192,1
naive,scan,4194304,512,4,1.025856,1
naive,scan,8388608,512,0,2.076864,1
naive,scan,8388608,512,1,2.588192,1
naive,scan,8388608,512,2,2.095680,1
naive,scan,8388608,512,3,2.090560,1
naive,scan,8388608,512,4,2.168000,1
naive,scan,16777216,512,0,4.310304,1
naive,scan,16777216,512,1,4.395712,1
naive,scan,16777216,512,2,4.306080,1
naive,scan,16777216,512,3,4.312736,1
naive,scan,16777216,512,4,4.312608,1
naive,scan,33554432,512,0,8.961568,1
naive,scan,33554432,512,1,9.069088,1
naive,scan,33554432,512,2,9.061216,1
naive,scan,33554432,512,3,8.987968,1
naive,scan,33554432,512,4,8.981024,1
naive,scan,67108864,512,0,18.764065,1
naive,scan,67108864,512,1,18.861120,1
naive,scan,67108864,512,2,18.782080,1
naive,scan,67108864,512,3,18.877119,1
naive,scan,67108864,512,4,18.772863,1
naive,scan,256,1024,0,0.061440,1
naive,scan,256,1024,1,0.058336,1
naive,scan,256,1024,2,0.058304,1
naive,scan,256,1024,3,0.058272,1
naive,scan,256,1024,4,0.057344,1
naive,scan,512,1024,0,0.067776,1
naive,scan,512,1024,1,0.025600,1
naive,scan,512,1024,2,0.060416,1
naive,scan,512,1024,3,0.088064,1
naive,scan,512,1024,4,0.079872,1
naive,scan,1024,1024,0,0.093120,1
naive,scan,1024,1024,1,0.056320,1
naive,scan,1024,1024,2,0.072704,1
naive,scan,1024,1024,3,0.088864,1
naive,scan,1024,1024,4,0.072704,1
naive,scan,2048,1024,0,0.075776,1
naive,scan,2048,1024,1,0.066560,1
naive,scan,2048,1024,2,0.074752,1
naive,scan,2048,1024,3,0.073568,1
naive,scan,2048,1024,4,0.074592,1
naive,scan,4096,1024,0,0.077824,1
naive,scan,4096,1024,1,0.076800,1
naive,scan,4096,1024,2,0.090112,1
naive,scan,4096,1024,3,0.079872,1
naive,scan,4096,1024,4,0.093088,1
naive,scan,8192,1024,0,0.087040,1
naive,scan,8192,1024,1,0.074752,1
naive,scan,8192,1024,2,0.425984,1
naive,scan,8192,1024,3,0.084992,1
naive,scan,8192,1024,4,0.097280,1
naive,scan,16384,1024,0,0.109568,1
naive,scan,16384,1024,1,0.136192,1
naive,scan,16384,1024,2,0.097280,1
naive,scan,16384,1024,3,0.122880,1
naive,scan,16384,1024,4,0.118784,1
naive,scan,32768,1024,0,0.134048,1
naive,scan,32768,1024,1,0.179552,1
naive,scan,32768,1024,2,0.101728,1
naive,scan,32768,1024,3,0.120512,1
naive,scan,32768,1024,4,0.193440,1
naive,scan,65536,1024,0,0.120512,1
naive,scan,65536,1024,1,0.278880,1
naive,scan,65536,1024,2,0.219840,1
naive,scan,65536,1024,3,0.113216,1
naive,scan,65536,1024,4,0.119808,1
naive,scan,131072,1024,0,0.122976,1
naive,scan,131072,1024,1,0.205728,1
naive,scan,131072,1024,2,0.127392,1
naive,scan,131072,1024,3,0.120096,1
naive,scan,131072,1024,4,0.258528,1
naive,scan,262144,1024,0,0.172000,1
naive,scan,262144,1024,1,0.391968,1
naive,scan,262144,1024,2,0.315872,1
naive,scan,262144,1024,3,0.156576,1
naive,scan,262144,1024,4,0.260224,1
naive,scan,524288,1024,0,0.189376,1
naive,scan,524288,1024,1,0.249888,1
naive,scan,524288,1024,2,0.244960,1
naive,scan,524288,1024,3,0.202496,1
naive,scan,524288,1024,4,0.202880,1
naive,scan,1048576,1024,0,0.315840,1
naive,scan,1048576,1024,1,0.418496,1
naive,scan,1048576,1024,2,0.316928,1
naive,scan,1048576,1024,3,0.314688,1
naive,scan,1048576,1024,4,0.315008,1
naive,scan,2097152,1024,0,0.564224,1
naive,scan,2097152,1024,1,0.691136,1
naive,scan,2097152,1024,2,0.959040,1
naive,scan,2097152,1024,3,0.565472,1
naive,scan,2097152,1024,4,0.566016,1
naive,scan,4194304,1024,0,1.097824,1
naive,scan,4194304,1024,1,1.452832,1
naive,scan,4194304,1024,2,1.181856,1
naive,scan,4194304,1024,3,1.095840,1
naive,scan,4194304,1024,4,1.095200,1
naive,scan,8388608,1024,0,2.215520,1
naive,scan,8388608,1024,1,2.296832,1
naive,scan,8388608,1024,2,2.297504,1
naive,scan,8388608,1024,3,2.209280,1
naive,scan,8388608,1024,4,2.211840,1
naive,scan,16777216,1024,0,4.569536,1
naive,scan,16777216,1024,1,4.652384,1
naive,scan,16777216,1024,2,4.574624,1
naive,scan,16777216,1024,3,4.598880,1
naive,scan,16777216,1024,4,4.566880,1
naive,scan,33554432,1024,0,9.504064,1
naive,scan,33554432,1024,1,9.584992,1
naive,scan,33554432,1024,2,9.586624,1
naive,scan,33554432,1024,3,9.509984,1
naive,scan,33554432,1024,4,9.519104,1
naive,scan,67108864,1024,0,19.864609,1
naive,scan,67108864,1024,1,19.949535,1
naive,scan,67108864,1024,2,20.455999,1
naive,scan,67108864,1024,3,19.877537,1
naive,scan,67108864,1024,4,19.890656,1
efficient,scan,256,32,0,0.125952,1
efficient,scan,256,32,1,0.132096,1
efficient,scan,256,32,2,0.123904,1
efficient,scan,256,32,3,0.137216,1
efficient,scan,256,32,4,0.120896,1
efficient,scan,512,32,0,0.123904,1
efficient,scan,512,32,1,0.273408,1
efficient,scan,512,32,2,0.099328,1
efficient,scan,512,32,3,0.108544,1
efficient,scan,512,32,4,0.122880,1
efficient,scan,1024,32,0,0.136192,1
efficient,scan,1024,32,1,0.104448,1
efficient,scan,1024,32,2,0.159744,1
efficient,scan,1024,32,3,0.141312,1
efficient,scan,1024,32,4,0.143360,1
efficient,scan,2048,32,0,0.166944,1
efficient,scan,2048,32,1,0.295936,1
efficient,scan,2048,32,2,0.161792,1
efficient,scan,2048,32,3,0.165888,1
efficient,scan,2048,32,4,0.164864,1
efficient,scan,4096,32,0,0.173056,1
efficient,scan,4096,32,1,0.133120,1
efficient,scan,4096,32,2,0.181248,1
efficient,scan,4096,32,3,0.193696,1
efficient,scan,4096,32,4,0.178176,1
efficient,scan,8192,32,0,0.185344,1
efficient,scan,8192,32,1,0.151552,1
efficient,scan,8192,32,2,0.177152,1
efficient,scan,8192,32,3,0.162816,1
efficient,scan,8192,32,4,0.180224,1
efficient,scan,16384,32,0,0.215072,1
efficient,scan,16384,32,1,0.334848,1
efficient,scan,16384,32,2,0.218400,1
efficient,scan,16384,32,3,0.239904,1
efficient,scan,16384,32,4,0.251904,1
efficient,scan,32768,32,0,0.277536,1
efficient,scan,32768,32,1,0.308096,1
efficient,scan,32768,32,2,0.284320,1
efficient,scan,32768,32,3,0.279936,1
efficient,scan,32768,32,4,0.269536,1
efficient,scan,65536,32,0,0.553120,1
efficient,scan,65536,32,1,0.356864,1
efficient,scan,65536,32,2,0.277824,1
efficient,scan,65536,32,3,0.246176,1
efficient,scan,65536,32,4,0.249824,1
efficient,scan,131072,32,0,0.342080,1
efficient,scan,131072,32,1,0.678176,1
efficient,scan,131072,32,2,0.334240,1
efficient,scan,131072,32,3,0.347936,1
efficient,scan,131072,32,4,0.337376,1
efficient,scan,262144,32,0,0.411136,1
efficient,scan,262144,32,1,0.687200,1
efficient,scan,262144,32,2,0.455936,1
efficient,scan,262144,32,3,0.425056,1
efficient,scan,262144,32,4,0.453920,1
efficient,scan,524288,32,0,0.618464,1
efficient,scan,524288,32,1,0.678720,1
efficient,scan,524288,32,2,0.545664,1
efficient,scan,524288,32,3,0.645856,1
efficient,scan,524288,32,4,0.904544,1
efficient,scan,1048576,32,0,0.914816,1
efficient,scan,1048576,32,1,1.224320,1
efficient,scan,1048576,32,2,0.914080,1
efficient,scan,1048576,32,3,1.270464,1
efficient,scan,1048576,32,4,0.914304,1
efficient,scan,2097152,32,0,1.793568,1
efficient,scan,2097152,32,1,2.221024,1
efficient,scan,2097152,32,2,1.899776,1
efficient,scan,2097152,32,3,1.833952,1
efficient,scan,2097152,32,4,1.793408,1
efficient,scan,4194304,32,0,3.583552,1
efficient,scan,4194304,32,1,4.025152,1
efficient,scan,4194304,32,2,3.587008,1
efficient,scan,4194304,32,3,3.583488,1
efficient,scan,4194304,32,4,3.582848,1
efficient,scan,8388608,32,0,7.348160,1
efficient,scan,8388608,32,1,7.790016,1
efficient,scan,8388608,32,2,7.343648,1
efficient,scan,8388608,32,3,7.342560,1
efficient,scan,8388608,32,4,7.423904,1
efficient,scan,16777216,32,0,15.166624,1
efficient,scan,16777216,32,1,15.249120,1
efficient,scan,16777216,32,2,15.166944,1
efficient,scan,16777216,32,3,15.169248,1
efficient,scan,16777216,32,4,15.162592,1
efficient,scan,33554432,32,0,31.541824,1
efficient,scan,33554432,32,1,31.543232,1
efficient,scan,33554432,32,2,31.467775,1
efficient,scan,33554432,32,3,31.461504,1
efficient,scan,33554432,32,4,31.461344,1
efficient,scan,67108864,32,0,65.384163,1
efficient,scan,67108864,32,1,65.454979,1
efficient,scan,67108864,32,2,65.383133,1
efficient,scan,67108864,32,3,65.382301,1
efficient,scan,67108864,32,4,65.394333,1
efficient,scan,256,64,0,0.125952,1
efficient,scan,256,64,1,0.128000,1
efficient,scan,256,64,2,0.128000,1
efficient,scan,256,64,3,0.130048,1
efficient,scan,256,64,4,0.094208,1
efficient,scan,512,64,0,0.119808,1
efficient,scan,512,64,1,0.269312,1
efficient,scan,512,64,2,0.099328,1
efficient,scan,512,64,3,0.091136,1
efficient,scan,512,64,4,0.128000,1
efficient,scan,1024,64,0,0.130048,1
efficient,scan,1024,64,1,0.115712,1
efficient,scan,1024,64,2,0.147456,1
efficient,scan,1024,64,3,0.147456,1
efficient,scan,1024,64,4,0.126976,1
efficient,scan,2048,64,0,0.153600,1
efficient,scan,2048,64,1,0.296960,1
efficient,scan,2048,64,2,0.162816,1
efficient,scan,2048,64,3,0.146432,1
efficient,scan,2048,64,4,0.160768,1
efficient,scan,4096,64,0,0.172032,1
efficient,scan,4096,64,1,0.143360,1
efficient,scan,4096,64,2,0.164864,1
efficient,scan,4096,64,3,0.166912,1
efficient,scan,4096,64,4,0.182272,1
efficient,scan,8192,64,0,0.199680,1
efficient,scan,8192,64,1,0.151552,1
efficient,scan,8192,64,2,0.176128,1
efficient,scan,8192,64,3,0.521376,1
efficient,scan,8192,64,4,0.195584,1
efficient,scan,16384,64,0,0.234496,1
efficient,scan,16384,64,1,0.179200,1
efficient,scan,16384,64,2,0.198656,1
efficient,scan,16384,64,3,0.205824,1
efficient,scan,16384,64,4,0.236544,1
efficient,scan,32768,64,0,0.281024,1
efficient,scan,32768,64,1,0.274720,1
efficient,scan,32768,64,2,0.276288,1
efficient,scan,32768,64,3,0.283744,1
efficient,scan,32768,64,4,0.284992,1
efficient,scan,65536,64,0,0.439072,1
efficient,scan,65536,64,1,0.317600,1
efficient,scan,65536,64,2,0.317248,1
efficient,scan,65536,64,3,0.275648,1
efficient,scan,65536,64,4,0.274400,1
efficient,scan,131072,64,0,0.272608,1
efficient,scan,131072,64,1,0.361120,1
efficient,scan,131072,64,2,0.396960,1
efficient,scan,131072,64,3,0.367040,1
efficient,scan,131072,64,4,0.296608,1
efficient,scan,262144,64,0,0.375136,1
efficient,scan,262144,64,1,0.399776,1
efficient,scan,262144,64,2,0.387424,1
efficient,scan,262144,64,3,0.343936,1
efficient,scan,262144,64,4,0.332160,1
efficient,scan,524288,64,0,0.457216,1
efficient,scan,524288,64,1,0.475008,1
efficient,scan,524288,64,2,0.432768,1
efficient,scan,524288,64,3,0.425664,1
efficient,scan,524288,64,4,0.416640,1
efficient,scan,1048576,64,0,0.578912,1
efficient,scan,1048576,64,1,0.548992,1
efficient,scan,1048576,64,2,0.642944,1
efficient,scan,1048576,64,3,0.534816,1
efficient,scan,1048576,64,4,0.551328,1
efficient,scan,2097152,64,0,0.970624,1
efficient,scan,2097152,64,1,1.129056,1
efficient,scan,2097152,64,2,0.969504,1
efficient,scan,2097152,64,3,0.970880,1
efficient,scan,2097152,64,4,0.970720,1
efficient,scan,4194304,64,0,1.887744,1
efficient,scan,4194304,64,1,1.972704,1
efficient,scan,4194304,64,2,1.890496,1
efficient,scan,4194304,64,3,1.888704,1
efficient,scan,4194304,64,4,1.895744,1
efficient,scan,8388608,64,0,3.782912,1
efficient,scan,8388608,64,1,3.866336,1
efficient,scan,8388608,64,2,3.783008,1
efficient,scan,8388608,64,3,3.784032,1
efficient,scan,8388608,64,4,3.784384,1
efficient,scan,16777216,64,0,7.756544,1
efficient,scan,16777216,64,1,7.825088,1
efficient,scan,16777216,64,2,7.741376,1
efficient,scan,16777216,64,3,7.768224,1
efficient,scan,16777216,64,4,7.750976,1
efficient,scan,33554432,64,0,15.952096,1
efficient,scan,33554432,64,1,16.035360,1
efficient,scan,33554432,64,2,15.960832,1
efficient,scan,33554432,64,3,15.958368,1
efficient,scan,33554432,64,4,15.949088,1
efficient,scan,67108864,64,0,32.997887,1
efficient,scan,67108864,64,1,33.071232,1
efficient,scan,67108864,64,2,32.996544,1
efficient,scan,67108864,64,3,32.986465,1
efficient,scan,67108864,64,4,32.993378,1
efficient,scan,256,128,0,0.123040,1
efficient,scan,256,128,1,0.125952,1
efficient,scan,256,128,2,0.123072,1
efficient,scan,256,128,3,0.130048,1
efficient,scan,256,128,4,0.119808,1
efficient,scan,512,128,0,0.126976,1
efficient,scan,512,128,1,0.150528,1
efficient,scan,512,128,2,0.118784,1
efficient,scan,512,128,3,0.143360,1
efficient,scan,512,128,4,0.135168,1
efficient,scan,1024,128,0,0.144384,1
efficient,scan,1024,128,1,0.134144,1
efficient,scan,1024,128,2,0.155648,1
efficient,scan,1024,128,3,0.139264,1
efficient,scan,1024,128,4,0.142336,1
efficient,scan,2048,128,0,0.168960,1
efficient,scan,2048,128,1,0.164864,1
efficient,scan,2048,128,2,0.144384,1
efficient,scan,2048,128,3,0.159744,1
efficient,scan,2048,128,4,0.162816,1
efficient,scan,4096,128,0,0.175104,1
efficient,scan,4096,128,1,0.157696,1
efficient,scan,4096,128,2,0.168960,1
efficient,scan,4096,128,3,0.175104,1
efficient,scan,4096,128,4,0.180224,1
efficient,scan,8192,128,0,0.184320,1
efficient,scan,8192,128,1,0.174080,1
efficient,scan,8192,128,2,0.199680,1
efficient,scan,8192,128,3,0.180224,1
efficient,scan,8192,128,4,0.174080,1
efficient,scan,16384,128,0,0.224256,1
efficient,scan,16384,128,1,0.207872,1
efficient,scan,16384,128,2,0.205824,1
efficient,scan,16384,128,3,0.214016,1
efficient,scan,16384,128,4,0.204800,1
efficient,scan,32768,128,0,0.307232,1
efficient,scan,32768,128,1,0.298496,1
efficient,scan,32768,128,2,0.275648,1
efficient,scan,32768,128,3,0.265792,1
efficient,scan,32768,128,4,0.267712,1
efficient,scan,65536,128,0,0.268736,1
efficient,scan,65536,128,1,0.334592,1
efficient,scan,65536,128,2,0.293728,1
efficient,scan,65536,128,3,0.272000,1
efficient,scan,65536,128,4,0.283968,1
efficient,scan,131072,128,0,0.288160,1
efficient,scan,131072,128,1,0.330496,1
efficient,scan,131072,128,2,0.286144,1
efficient,scan,131072,128,3,0.332480,1
efficient,scan,131072,128,4,0.277856,1
efficient,scan,262144,128,0,0.679680,1
efficient,scan,262144,128,1,0.398208,1
efficient,scan,262144,128,2,0.286816,1
efficient,scan,262144,128,3,0.357440,1
efficient,scan,262144,128,4,0.714432,1
efficient,scan,524288,128,0,0.371264,1
efficient,scan,524288,128,1,0.397376,1
efficient,scan,524288,128,2,0.397664,1
efficient,scan,524288,128,3,0.349120,1
efficient,scan,524288,128,4,0.340384,1
efficient,scan,1048576,128,0,0.405632,1
efficient,scan,1048576,128,1,0.591232,1
efficient,scan,1048576,128,2,0.414176,1
efficient,scan,1048576,128,3,0.407776,1
efficient,scan,1048576,128,4,0.412384,1
efficient,scan,2097152,128,0,0.659328,1
efficient,scan,2097152,128,1,0.756352,1
efficient,scan,2097152,128,2,0.732544,1
efficient,scan,2097152,128,3,0.720480,1
efficient,scan,2097152,128,4,0.646560,1
efficient,scan,4194304,128,0,1.193024,1
efficient,scan,4194304,128,1,1.278336,1
efficient,scan,4194304,128,2,1.192736,1
efficient,scan,4194304,128,3,1.195168,1
efficient,scan,4194304,128,4,1.183072,1
efficient,scan,8388608,128,0,2.272768,1
efficient,scan,8388608,128,1,2.363936,1
efficient,scan,8388608,128,2,2.272832,1
efficient,scan,8388608,128,3,2.273088,1
efficient,scan,8388608,128,4,2.276704,1
efficient,scan,16777216,128,0,4.565728,1
efficient,scan,16777216,128,1,4.648960,1
efficient,scan,16777216,128,2,4.564960,1
efficient,scan,16777216,128,3,4.572000,1
efficient,scan,16777216,128,4,4.565696,1
efficient,scan,33554432,128,0,9.285600,1
efficient,scan,33554432,128,1,9.374016,1
efficient,scan,33554432,128,2,9.376160,1
efficient,scan,33554432,128,3,9.288448,1
efficient,scan,33554432,128,4,9.297696,1
efficient,scan,67108864,128,0,19.011520,1
efficient,scan,67108864,128,1,19.115072,1
efficient,scan,67108864,128,2,19.032991,1
efficient,scan,67108864,128,3,19.096224,1
efficient,scan,67108864,128,4,18.984545,1
efficient,scan,256,256,0,0.129024,1
efficient,scan,256,256,1,0.130048,1
efficient,scan,256,256,2,0.130048,1
efficient,scan,256,256,3,0.121856,1
efficient,scan,256,256,4,0.136192,1
efficient,scan,512,256,0,0.126976,1
efficient,scan,512,256,1,0.129024,1
efficient,scan,512,256,2,0.104448,1
efficient,scan,512,256,3,0.126976,1
efficient,scan,512,256,4,0.137216,1
efficient,scan,1024,256,0,0.139264,1
efficient,scan,1024,256,1,0.125952,1
efficient,scan,1024,256,2,0.136192,1
efficient,scan,1024,256,3,0.142336,1
efficient,scan,1024,256,4,0.143360,1
efficient,scan,2048,256,0,0.169984,1
efficient,scan,2048,256,1,0.164864,1
efficient,scan,2048,256,2,0.130048,1
efficient,scan,2048,256,3,0.168960,1
efficient,scan,2048,256,4,0.173056,1
efficient,scan,4096,256,0,0.164864,1
efficient,scan,4096,256,1,0.203776,1
efficient,scan,4096,256,2,0.168960,1
efficient,scan,4096,256,3,0.231424,1
efficient,scan,4096,256,4,0.173056,1
efficient,scan,8192,256,0,0.174080,1
efficient,scan,8192,256,1,0.143360,1
efficient,scan,8192,256,2,0.197632,1
efficient,scan,8192,256,3,0.172032,1
efficient,scan,8192,256,4,0.194560,1
efficient,scan,16384,256,0,0.245824,1
efficient,scan,16384,256,1,0.228352,1
efficient,scan,16384,256,2,0.246784,1
efficient,scan,16384,256,3,0.208896,1
efficient,scan,16384,256,4,0.219136,1
efficient,scan,32768,256,0,0.280032,1
efficient,scan,32768,256,1,0.389856,1
efficient,scan,32768,256,2,0.243904,1
efficient,scan,32768,256,3,0.272928,1
efficient,scan,32768,256,4,0.263424,1
efficient,scan,65536,256,0,0.255552,1
efficient,scan,65536,256,1,0.366848,1
efficient,scan,65536,256,2,0.282272,1
efficient,scan,65536,256,3,0.266240,1
efficient,scan,65536,256,4,0.272960,1
efficient,scan,131072,256,0,0.313760,1
efficient,scan,131072,256,1,0.441888,1
efficient,scan,131072,256,2,0.299488,1
efficient,scan,131072,256,3,0.285696,1
efficient,scan,131072,256,4,0.338784,1
efficient,scan,262144,256,0,0.328352,1
efficient,scan,262144,256,1,0.494368,1
efficient,scan,262144,256,2,0.336192,1
efficient,scan,262144,256,3,0.414816,1
efficient,scan,262144,256,4,0.667040,1
efficient,scan,524288,256,0,0.369408,1
efficient,scan,524288,256,1,0.442560,1
efficient,scan,524288,256,2,0.521056,1
efficient,scan,524288,256,3,0.398944,1
efficient,scan,524288,256,4,0.386016,1
efficient,scan,1048576,256,0,0.341792,1
efficient,scan,1048576,256,1,0.442272,1
efficient,scan,1048576,256,2,0.551904,1
efficient,scan,1048576,256,3,0.332640,1
efficient,scan,1048576,256,4,0.373280,1
efficient,scan,2097152,256,0,0.575968,1
efficient,scan,2097152,256,1,0.666368,1
efficient,scan,2097152,256,2,0.673216,1
efficient,scan,2097152,256,3,0.571200,1
efficient,scan,2097152,256,4,0.564320,1
efficient,scan,4194304,256,0,0.902304,1
efficient,scan,4194304,256,1,0.996640,1
efficient,scan,4194304,256,2,0.886816,1
efficient,scan,4194304,256,3,0.908192,1
efficient,scan,4194304,256,4,0.899040,1
efficient,scan,8388608,256,0,1.628128,1
efficient,scan,8388608,256,1,1.710496,1
efficient,scan,8388608,256,2,1.631200,1
efficient,scan,8388608,256,3,1.635968,1
efficient,scan,8388608,256,4,1.625952,1
efficient,scan,16777216,256,0,3.227968,1
efficient,scan,16777216,256,1,3.286880,1
efficient,scan,16777216,256,2,3.211680,1
efficient,scan,16777216,256,3,3.213984,1
efficient,scan,16777216,256,4,3.214976,1
efficient,scan,33554432,256,0,6.364992,1
efficient,scan,33554432,256,1,6.450944,1
efficient,scan,33554432,256,2,6.436128,1
efficient,scan,33554432,256,3,6.371424,1
efficient,scan,33554432,256,4,6.358688,1
efficient,scan,67108864,256,0,12.918144,1
efficient,scan,67108864,256,1,12.928768,1
efficient,scan,67108864,256,2,12.849248,1
efficient,scan,67108864,256,3,12.838464,1
efficient,scan,67108864,256,4,12.880896,1
efficient,scan,256,512,0,0.135168,1
efficient,scan,256,512,1,0.139264,1
efficient,scan,256,512,2,0.151552,1
efficient,scan,256,512,3,0.164864,1
efficient,scan,256,512,4,0.151552,1
efficient,scan,512,512,0,0.175104,1
efficient,scan,512,512,1,0.160768,1
efficient,scan,512,512,2,0.102400,1
efficient,scan,512,512,3,0.143360,1
efficient,scan,512,512,4,0.147456,1
efficient,scan,1024,512,0,0.165888,1
efficient,scan,1024,512,1,0.157696,1
efficient,scan,1024,512,2,0.146432,1
efficient,scan,1024,512,3,0.149504,1
efficient,scan,1024,512,4,0.195584,1
efficient,scan,2048,512,0,0.171008,1
efficient,scan,2048,512,1,0.159744,1
efficient,scan,2048,512,2,0.155648,1
efficient,scan,2048,512,3,0.161792,1
efficient,scan,2048,512,4,0.172032,1
efficient,scan,4096,512,0,0.204800,1
efficient,scan,4096,512,1,0.162816,1
efficient,scan,4096,512,2,0.140288,1
efficient,scan,4096,512,3,0.190464,1
efficient,scan,4096,512,4,0.204800,1
efficient,scan,8192,512,0,0.184320,1
efficient,scan,8192,512,1,0.187392,1
efficient,scan,8192,512,2,0.194560,1
efficient,scan,8192,512,3,0.191488,1
efficient,scan,8192,512,4,0.180224,1
efficient,scan,16384,512,0,0.246784,1
efficient,scan,16384,512,1,0.346112,1
efficient,scan,16384,512,2,0.274560,1
efficient,scan,16384,512,3,0.235520,1
efficient,scan,16384,512,4,0.229376,1
efficient,scan,32768,512,0,0.280960,1
efficient,scan,32768,512,1,0.448448,1
efficient,scan,32768,512,2,0.303872,1
efficient,scan,32768,512,3,0.259168,1
efficient,scan,32768,512,4,0.288128,1
efficient,scan,65536,512,0,0.285120,1
efficient,scan,65536,512,1,0.399104,1
efficient,scan,65536,512,2,0.285792,1
efficient,scan,65536,512,3,0.281312,1
efficient,scan,65536,512,4,0.284032,1
efficient,scan,131072,512,0,0.285216,1
efficient,scan,131072,512,1,0.651200,1
efficient,scan,131072,512,2,0.282528,1
efficient,scan,131072,512,3,0.286176,1
efficient,scan,131072,512,4,0.270912,1
efficient,scan,262144,512,0,0.446112,1
efficient,scan,262144,512,1,0.627424,1
efficient,scan,262144,512,2,0.671232,1
efficient,scan,262144,512,3,0.369568,1
efficient,scan,262144,512,4,0.512448,1
efficient,scan,524288,512,0,0.456384,1
efficient,scan,524288,512,1,0.718688,1
efficient,scan,524288,512,2,0.375552,1
efficient,scan,524288,512,3,0.306240,1
efficient,scan,524288,512,4,0.376128,1
efficient,scan,1048576,512,0,0.494336,1
efficient,scan,1048576,512,1,0.467424,1
efficient,scan,1048576,512,2,0.388384,1
efficient,scan,1048576,512,3,0.351968,1
efficient,scan,1048576,512,4,0.318784,1
efficient,scan,2097152,512,0,0.597440,1
efficient,scan,2097152,512,1,0.680832,1
efficient,scan,2097152,512,2,0.557824,1
efficient,scan,2097152,512,3,0.567712,1
efficient,scan,2097152,512,4,0.586880,1
efficient,scan,4194304,512,0,0.826464,1
efficient,scan,4194304,512,1,0.932896,1
efficient,scan,4194304,512,2,0.854144,1
efficient,scan,4194304,512,3,0.826464,1
efficient,scan,4194304,512,4,0.922368,1
efficient,scan,8388608,512,0,1.528192,1
efficient,scan,8388608,512,1,1.610176,1
efficient,scan,8388608,512,2,1.525184,1
efficient,scan,8388608,512,3,1.528992,1
efficient,scan,8388608,512,4,1.525792,1
efficient,scan,16777216,512,0,3.067040,1
efficient,scan,16777216,512,1,3.052992,1
efficient,scan,16777216,512,2,2.986720,1
efficient,scan,16777216,512,3,2.981984,1
efficient,scan,16777216,512,4,3.067392,1
efficient,scan,33554432,512,0,6.088640,1
efficient,scan,33554432,512,1,6.232928,1
efficient,scan,33554432,512,2,6.127552,1
efficient,scan,33554432,512,3,6.226496,1
efficient,scan,33554432,512,4,6.147872,1
efficient,scan,67108864,512,0,12.415776,1
efficient,scan,67108864,512,1,13.481376,1
efficient,scan,67108864,512,2,12.398400,1
efficient,scan,67108864,512,3,12.410016,1
efficient,scan,67108864,512,4,12.416448,1
efficient,scan,256,1024,0,0.091136,1
efficient,scan,256,1024,1,0.091136,1
efficient,scan,256,1024,2,0.091136,1
efficient,scan,256,1024,3,0.091136,1
efficient,scan,256,1024,4,0.090112,1
efficient,scan,512,1024,0,0.118784,1
efficient,scan,512,1024,1,0.284672,1
efficient,scan,512,1024,2,0.096256,1
efficient,scan,512,1024,3,0.098304,1
efficient,scan,512,1024,4,0.096256,1
efficient,scan,1024,1024,0,0.149504,1
efficient,scan,1024,1024,1,0.151552,1
efficient,scan,1024,1024,2,0.152576,1
efficient,scan,1024,1024,3,0.138240,1
efficient,scan,1024,1024,4,0.147456,1
efficient,scan,2048,1024,0,0.176128,1
efficient,scan,2048,1024,1,0.315392,1
efficient,scan,2048,1024,2,0.149504,1
efficient,scan,2048,1024,3,0.140288,1
efficient,scan,2048,1024,4,0.141312,1
efficient,scan,4096,1024,0,0.169984,1
efficient,scan,4096,1024,1,0.138240,1
efficient,scan,4096,1024,2,0.176128,1
efficient,scan,4096,1024,3,0.181248,1
efficient,scan,4096,1024,4,0.179200,1
efficient,scan,8192,1024,0,0.196608,1
efficient,scan,8192,1024,1,0.148480,1
efficient,scan,8192,1024,2,0.217088,1
efficient,scan,8192,1024,3,0.163840,1
efficient,scan,8192,1024,4,0.161792,1
efficient,scan,16384,1024,0,0.165888,1
efficient,scan,16384,1024,1,0.156672,1
efficient,scan,16384,1024,2,0.167936,1
efficient,scan,16384,1024,3,0.236544,1
efficient,scan,16384,1024,4,0.238592,1
efficient,scan,32768,1024,0,0.293504,1
efficient,scan,32768,1024,1,0.523104,1
efficient,scan,32768,1024,2,0.265824,1
efficient,scan,32768,1024,3,0.331360,1
efficient,scan,32768,1024,4,0.283936,1
efficient,scan,65536,1024,0,0.281312,1
efficient,scan,65536,1024,1,0.486240,1
efficient,scan,65536,1024,2,0.302912,1
efficient,scan,65536,1024,3,0.284448,1
efficient,scan,65536,1024,4,0.307776,1
efficient,scan,131072,1024,0,0.300160,1
efficient,scan,131072,1024,1,0.551104,1
efficient,scan,131072,1024,2,0.446656,1
efficient,scan,131072,1024,3,0.321696,1
efficient,scan,131072,1024,4,0.315968,1
efficient,scan,262144,1024,0,0.358752,1
efficient,scan,262144,1024,1,1.032416,1
efficient,scan,262144,1024,2,0.434080,1
efficient,scan,262144,1024,3,0.499360,1
efficient,scan,262144,1024,4,0.340864,1
efficient,scan,524288,1024,0,0.720192,1
efficient,scan,524288,1024,1,0.653696,1
efficient,scan,524288,1024,2,0.329536,1
efficient,scan,524288,1024,3,0.334304,1
efficient,scan,524288,1024,4,0.676064,1
efficient,scan,1048576,1024,0,0.415552,1
efficient,scan,1048576,1024,1,0.943136,1
efficient,scan,1048576,1024,2,0.411584,1
efficient,scan,1048576,1024,3,0.370368,1
efficient,scan,1048576,1024,4,0.402720,1
efficient,scan,2097152,1024,0,0.635968,1
efficient,scan,2097152,1024,1,1.140192,1
efficient,scan,2097152,1024,2,0.735392,1
efficient,scan,2097152,1024,3,0.769568,1
efficient,scan,2097152,1024,4,0.655840,1
efficient,scan,4194304,1024,0,1.105088,1
efficient,scan,4194304,1024,1,1.182304,1
efficient,scan,4194304,1024,2,1.211456,1
efficient,scan,4194304,1024,3,1.096256,1
efficient,scan,4194304,1024,4,1.096032,1
efficient,scan,8388608,1024,0,2.105312,1
efficient,scan,8388608,1024,1,2.206304,1
efficient,scan,8388608,1024,2,2.114432,1
efficient,scan,8388608,1024,3,2.111712,1
efficient,scan,8388608,1024,4,2.117472,1
efficient,scan,16777216,1024,0,4.024448,1
efficient,scan,16777216,1024,1,4.097312,1
efficient,scan,16777216,1024,2,4.019296,1
efficient,scan,16777216,1024,3,4.026080,1
efficient,scan,16777216,1024,4,4.009664,1
efficient,scan,33554432,1024,0,8.161696,1
efficient,scan,33554432,1024,1,8.295680,1
efficient,scan,33554432,1024,2,8.160288,1
efficient,scan,33554432,1024,3,8.162112,1
efficient,scan,33554432,1024,4,8.233632,1
efficient,scan,67108864,1024,0,16.504768,1
efficient,scan,67108864,1024,1,16.602592,1
efficient,scan,67108864,1024,2,16.503424,1
efficient,scan,67108864,1024,3,16.498272,1
efficient,scan,67108864,1024,4,16.500383,1
efficient,compact,256,32,0,0.137216,1
efficient,compact,256,32,1,0.137216,1
efficient,compact,256,32,2,0.153600,1
efficient,compact,256,32,3,0.152576,1
efficient,compact,256,32,4,0.147456,1
efficient,compact,512,32,0,0.156672,1
efficient,compact,512,32,1,0.458752,1
efficient,compact,512,32,2,0.173216,1
efficient,compact,512,32,3,0.158720,1
efficient,compact,512,32,4,0.166912,1
efficient,compact,1024,32,0,0.166912,1
efficient,compact,1024,32,1,0.134144,1
efficient,compact,1024,32,2,0.288768,1
efficient,compact,1024,32,3,0.173056,1
efficient,compact,1024,32,4,0.169984,1
efficient,compact,2048,32,0,0.181248,1
efficient,compact,2048,32,1,0.148480,1
efficient,compact,2048,32,2,0.167936,1
efficient,compact,2048,32,3,0.181248,1
efficient,compact,2048,32,4,0.157696,1
efficient,compact,4096,32,0,0.176128,1
efficient,compact,4096,32,1,0.152576,1
efficient,compact,4096,32,2,0.197632,1
efficient,compact,4096,32,3,0.199680,1
efficient,compact,4096,32,4,0.202752,1
efficient,compact,8192,32,0,0.490496,1
efficient,compact,8192,32,1,0.175392,1
efficient,compact,8192,32,2,0.212992,1
efficient,compact,8192,32,3,0.212992,1
efficient,compact,8192,32,4,0.219136,1
efficient,compact,16384,32,0,0.261120,1
efficient,compact,16384,32,1,0.358400,1
efficient,compact,16384,32,2,0.216064,1
efficient,compact,16384,32,3,0.258048,1
efficient,compact,16384,32,4,0.223232,1
efficient,compact,32768,32,0,0.299552,1
efficient,compact,32768,32,1,0.302848,1
efficient,compact,32768,32,2,0.312960,1
efficient,compact,32768,32,3,0.310656,1
efficient,compact,32768,32,4,0.289280,1
efficient,compact,65536,32,0,0.298624,1
efficient,compact,65536,32,1,0.346688,1
efficient,compact,65536,32,2,0.288320,1
efficient,compact,65536,32,3,0.353280,1
efficient,compact,65536,32,4,0.388576,1
efficient,compact,131072,32,0,0.600928,1
efficient,compact,131072,32,1,0.421568,1
efficient,compact,131072,32,2,0.354496,1
efficient,compact,131072,32,3,0.379072,1
efficient,compact,131072,32,4,0.392768,1
efficient,compact,262144,32,0,0.503648,1
efficient,compact,262144,32,1,0.496480,1
efficient,compact,262144,32,2,0.497600,1
efficient,compact,262144,32,3,0.454048,1
efficient,compact,262144,32,4,0.448544,1
efficient,compact,524288,32,0,0.673376,1
efficient,compact,524288,32,1,0.793760,1
efficient,compact,524288,32,2,0.531328,1
efficient,compact,524288,32,3,0.534976,1
efficient,compact,524288,32,4,0.555904,1
efficient,compact,1048576,32,0,0.973120,1
efficient,compact,1048576,32,1,1.310272,1
efficient,compact,1048576,32,2,0.983200,1
efficient,compact,1048576,32,3,0.969120,1
efficient,compact,1048576,32,4,0.971136,1
efficient,compact,2097152,32,0,1.898368,1
efficient,compact,2097152,32,1,2.422752,1
efficient,compact,2097152,32,2,1.896352,1
efficient,compact,2097152,32,3,1.896288,1
efficient,compact,2097152,32,4,1.905248,1
efficient,compact,4194304,32,0,3.807744,1
efficient,compact,4194304,32,1,4.125280,1
efficient,compact,4194304,32,2,3.808736,1
efficient,compact,4194304,32,3,3.818528,1
efficient,compact,4194304,32,4,3.809536,1
efficient,compact,8388608,32,0,7.787808,1
efficient,compact,8388608,32,1,8.222080,1
efficient,compact,8388608,32,2,7.789856,1
efficient,compact,8388608,32,3,7.859072,1
efficient,compact,8388608,32,4,7.788064,1
efficient,compact,16777216,32,0,16.038656,1
efficient,compact,16777216,32,1,16.123327,1
efficient,compact,16777216,32,2,16.030560,1
efficient,compact,16777216,32,3,16.029024,1
efficient,compact,16777216,32,4,16.038719,1
efficient,compact,33554432,32,0,33.159138,1
efficient,compact,33554432,32,1,33.249599,1
efficient,compact,33554432,32,2,33.162849,1
efficient,compact,33554432,32,3,33.157631,1
efficient,compact,33554432,32,4,33.157570,1
efficient,compact,67108864,32,0,68.626465,1
efficient,compact,67108864,32,1,68.716995,1
efficient,compact,67108864,32,2,68.644226,1
efficient,compact,67108864,32,3,68.646019,1
efficient,compact,67108864,32,4,68.725693,1
efficient,compact,256,64,0,0.148480,1
efficient,compact,256,64,1,0.136192,1
efficient,compact,256,64,2,0.152576,1
efficient,compact,256,64,3,0.137216,1
efficient,compact,256,64,4,0.150528,1
efficient,compact,512,64,0,0.156672,1
efficient,compact,512,64,1,0.477184,1
efficient,compact,512,64,2,0.544800,1
efficient,compact,512,64,3,0.138496,1
efficient,compact,512,64,4,0.143360,1
efficient,compact,1024,64,0,0.169984,1
efficient,compact,1024,64,1,0.299008,1
efficient,compact,1024,64,2,0.146432,1
efficient,compact,1024,64,3,0.168960,1
efficient,compact,1024,64,4,0.653312,1
efficient,compact,2048,64,0,0.176128,1
efficient,compact,2048,64,1,0.141312,1
efficient,compact,2048,64,2,0.167936,1
efficient,compact,2048,64,3,0.178176,1
efficient,compact,2048,64,4,0.165888,1
efficient,compact,4096,64,0,0.487424,1
efficient,compact,4096,64,1,0.168224,1
efficient,compact,4096,64,2,0.179200,1
efficient,compact,4096,64,3,0.181248,1
efficient,compact,4096,64,4,0.207936,1
efficient,compact,8192,64,0,0.220160,1
efficient,compact,8192,64,1,0.411648,1
efficient,compact,8192,64,2,0.159744,1
efficient,compact,8192,64,3,0.216064,1
efficient,compact,8192,64,4,0.232448,1
efficient,compact,16384,64,0,0.219136,1
efficient,compact,16384,64,1,0.183296,1
efficient,compact,16384,64,2,0.272384,1
efficient,compact,16384,64,3,0.362496,1
efficient,compact,16384,64,4,0.185344,1
efficient,compact,32768,64,0,0.258656,1
efficient,compact,32768,64,1,0.305952,1
efficient,compact,32768,64,2,0.281120,1
efficient,compact,32768,64,3,0.279456,1
efficient,compact,32768,64,4,0.273248,1
efficient,compact,65536,64,0,0.313792,1
efficient,compact,65536,64,1,0.330784,1
efficient,compact,65536,64,2,0.289376,1
efficient,compact,65536,64,3,0.285216,1
efficient,compact,65536,64,4,0.295616,1
efficient,compact,131072,64,0,0.354656,1
efficient,compact,131072,64,1,0.373248,1
efficient,compact,131072,64,2,0.316704,1
efficient,compact,131072,64,3,0.329088,1
efficient,compact,131072,64,4,0.635392,1
efficient,compact,262144,64,0,0.394592,1
efficient,compact,262144,64,1,0.415104,1
efficient,compact,262144,64,2,0.407392,1
efficient,compact,262144,64,3,0.442144,1
efficient,compact,262144,64,4,0.416096,1
efficient,compact,524288,64,0,0.501248,1
efficient,compact,524288,64,1,0.670208,1
efficient,compact,524288,64,2,0.492224,1
efficient,compact,524288,64,3,0.468384,1
efficient,compact,524288,64,4,0.464512,1
efficient,compact,1048576,64,0,0.586624,1
efficient,compact,1048576,64,1,0.886016,1
efficient,compact,1048576,64,2,0.679552,1
efficient,compact,1048576,64,3,0.675904,1
efficient,compact,1048576,64,4,0.618496,1
efficient,compact,2097152,64,0,1.056256,1
efficient,compact,2097152,64,1,1.351360,1
efficient,compact,2097152,64,2,1.098368,1
efficient,compact,2097152,64,3,1.055648,1
efficient,compact,2097152,64,4,1.131136,1
efficient,compact,4194304,64,0,2.051072,1
efficient,compact,4194304,64,1,2.127872,1
efficient,compact,4194304,64,2,2.128352,1
efficient,compact,4194304,64,3,2.049920,1
efficient,compact,4194304,64,4,2.051456,1
efficient,compact,8388608,64,0,4.107392,1
efficient,compact,8388608,64,1,4.201024,1
efficient,compact,8388608,64,2,4.111072,1
efficient,compact,8388608,64,3,4.108320,1
efficient,compact,8388608,64,4,4.110720,1
efficient,compact,16777216,64,0,8.364384,1
efficient,compact,16777216,64,1,8.444768,1
efficient,compact,16777216,64,2,8.364640,1
efficient,compact,16777216,64,3,8.365184,1
efficient,compact,16777216,64,4,8.384160,1
efficient,compact,33554432,64,0,17.189119,1
efficient,compact,33554432,64,1,17.271456,1
efficient,compact,33554432,64,2,17.202623,1
efficient,compact,33554432,64,3,17.206335,1
efficient,compact,33554432,64,4,17.209473,1
efficient,compact,67108864,64,0,35.459232,1
efficient,compact,67108864,64,1,35.544830,1
efficient,compact,67108864,64,2,35.464993,1
efficient,compact,67108864,64,3,35.460129,1
efficient,compact,67108864,64,4,35.457790,1
efficient,compact,256,128,0,0.147456,1
efficient,compact,256,128,1,0.142336,1
efficient,compact,256,128,2,0.137216,1
efficient,compact,256,128,3,0.151552,1
efficient,compact,256,128,4,0.140288,1
efficient,compact,512,128,0,0.180224,1
efficient,compact,512,128,1,0.470176,1
efficient,compact,512,128,2,0.430080,1
efficient,compact,512,128,3,0.205824,1
efficient,compact,512,128,4,0.452896,1
efficient,compact,1024,128,0,0.174080,1
efficient,compact,1024,128,1,0.157696,1
efficient,compact,1024,128,2,0.165888,1
efficient,compact,1024,128,3,0.171008,1
efficient,compact,1024,128,4,0.164864,1
efficient,compact,2048,128,0,0.139264,1
efficient,compact,2048,128,1,0.165888,1
efficient,compact,2048,128,2,0.167936,1
efficient,compact,2048,128,3,0.166912,1
efficient,compact,2048,128,4,0.172032,1
efficient,compact,4096,128,0,0.190464,1
efficient,compact,4096,128,1,0.145408,1
efficient,compact,4096,128,2,0.476160,1
efficient,compact,4096,128,3,0.199680,1
efficient,compact,4096,128,4,0.163840,1
efficient,compact,8192,128,0,0.207872,1
efficient,compact,8192,128,1,0.181248,1
efficient,compact,8192,128,2,0.220160,1
efficient,compact,8192,128,3,0.235520,1
efficient,compact,8192,128,4,0.201728,1
efficient,compact,16384,128,0,0.232448,1
efficient,compact,16384,128,1,0.225280,1
efficient,compact,16384,128,2,0.238592,1
efficient,compact,16384,128,3,0.224256,1
efficient,compact,16384,128,4,0.226304,1
efficient,compact,32768,128,0,0.362240,1
efficient,compact,32768,128,1,0.361024,1
efficient,compact,32768,128,2,0.265312,1
efficient,compact,32768,128,3,0.274784,1
efficient,compact,32768,128,4,0.274272,1
efficient,compact,65536,128,0,0.279232,1
efficient,compact,65536,128,1,0.291648,1
efficient,compact,65536,128,2,0.287520,1
efficient,compact,65536,128,3,0.283520,1
efficient,compact,65536,128,4,0.280128,1
efficient,compact,131072,128,0,0.305120,1
efficient,compact,131072,128,1,0.624352,1
efficient,compact,131072,128,2,0.291744,1
efficient,compact,131072,128,3,0.303264,1
efficient,compact,131072,128,4,0.347488,1
efficient,compact,262144,128,0,0.424640,1
efficient,compact,262144,128,1,0.397696,1
efficient,compact,262144,128,2,0.393760,1
efficient,compact,262144,128,3,0.355936,1
efficient,compact,262144,128,4,0.323072,1
efficient,compact,524288,128,0,0.432576,1
efficient,compact,524288,128,1,0.672256,1
efficient,compact,524288,128,2,0.418912,1
efficient,compact,524288,128,3,0.438016,1
efficient,compact,524288,128,4,0.421728,1
efficient,compact,1048576,128,0,0.496160,1
efficient,compact,1048576,128,1,0.894112,1
efficient,compact,1048576,128,2,0.529024,1
efficient,compact,1048576,128,3,0.495552,1
efficient,compact,1048576,128,4,0.471392,1
efficient,compact,2097152,128,0,0.739104,1
efficient,compact,2097152,128,1,0.807104,1
efficient,compact,2097152,128,2,0.715840,1
efficient,compact,2097152,128,3,0.724160,1
efficient,compact,2097152,128,4,0.715456,1
efficient,compact,4194304,128,0,1.365120,1
efficient,compact,4194304,128,1,1.436000,1
efficient,compact,4194304,128,2,1.436480,1
efficient,compact,4194304,128,3,1.350496,1
efficient,compact,4194304,128,4,1.343744,1
efficient,compact,8388608,128,0,2.597216,1
efficient,compact,8388608,128,1,2.669920,1
efficient,compact,8388608,128,2,2.593600,1
efficient,compact,8388608,128,3,2.593120,1
efficient,compact,8388608,128,4,2.587808,1
efficient,compact,16777216,128,0,5.183680,1
efficient,compact,16777216,128,1,5.270688,1
efficient,compact,16777216,128,2,5.189952,1
efficient,compact,16777216,128,3,5.197056,1
efficient,compact,16777216,128,4,5.195136,1
efficient,compact,33554432,128,0,10.521888,1
efficient,compact,33554432,128,1,10.600992,1
efficient,compact,33554432,128,2,10.534656,1
efficient,compact,33554432,128,3,10.513920,1
efficient,compact,33554432,128,4,10.610112,1
efficient,compact,67108864,128,0,21.479521,1
efficient,compact,67108864,128,1,21.568352,1
efficient,compact,67108864,128,2,21.482241,1
efficient,compact,67108864,128,3,21.555679,1
efficient,compact,67108864,128,4,21.509249,1
efficient,compact,256,256,0,0.156672,1
efficient,compact,256,256,1,0.159744,1
efficient,compact,256,256,2,0.134144,1
efficient,compact,256,256,3,0.140288,1
efficient,compact,256,256,4,0.140288,1
efficient,compact,512,256,0,0.141312,1
efficient,compact,512,256,1,0.458752,1
efficient,compact,512,256,2,0.156736,1
efficient,compact,512,256,3,0.143360,1
efficient,compact,512,256,4,0.167936,1
efficient,compact,1024,256,0,0.156672,1
efficient,compact,1024,256,1,0.141312,1
efficient,compact,1024,256,2,0.182272,1
efficient,compact,1024,256,3,0.171008,1
efficient,compact,1024,256,4,0.174080,1
efficient,compact,2048,256,0,0.169984,1
efficient,compact,2048,256,1,0.154624,1
efficient,compact,2048,256,2,0.161792,1
efficient,compact,2048,256,3,0.176128,1
efficient,compact,2048,256,4,0.174080,1
efficient,compact,4096,256,0,0.208896,1
efficient,compact,4096,256,1,0.162816,1
efficient,compact,4096,256,2,0.222304,1
efficient,compact,4096,256,3,0.175104,1
efficient,compact,4096,256,4,0.163840,1
efficient,compact,8192,256,0,0.216064,1
efficient,compact,8192,256,1,0.173056,1
efficient,compact,8192,256,2,0.226304,1
efficient,compact,8192,256,3,0.225280,1
efficient,compact,8192,256,4,0.210944,1
efficient,compact,16384,256,0,0.178176,1
efficient,compact,16384,256,1,0.173056,1
efficient,compact,16384,256,2,0.233472,1
efficient,compact,16384,256,3,0.227328,1
efficient,compact,16384,256,4,0.231424,1
efficient,compact,32768,256,0,0.274144,1
efficient,compact,32768,256,1,0.693024,1
efficient,compact,32768,256,2,0.276576,1
efficient,compact,32768,256,3,0.277344,1
efficient,compact,32768,256,4,0.278080,1
efficient,compact,65536,256,0,0.297696,1
efficient,compact,65536,256,1,0.452064,1
efficient,compact,65536,256,2,0.348032,1
efficient,compact,65536,256,3,0.290496,1
efficient,compact,65536,256,4,0.321248,1
efficient,compact,131072,256,0,0.294592,1
efficient,compact,131072,256,1,0.390592,1
efficient,compact,131072,256,2,0.312672,1
efficient,compact,131072,256,3,0.292000,1
efficient,compact,131072,256,4,0.330432,1
efficient,compact,262144,256,0,0.323456,1
efficient,compact,262144,256,1,0.677824,1
efficient,compact,262144,256,2,0.372864,1
efficient,compact,262144,256,3,0.588224,1
efficient,compact,262144,256,4,0.335488,1
efficient,compact,524288,256,0,0.392064,1
efficient,compact,524288,256,1,0.488128,1
efficient,compact,524288,256,2,0.412928,1
efficient,compact,524288,256,3,0.397920,1
efficient,compact,524288,256,4,0.356928,1
efficient,compact,1048576,256,0,0.388544,1
efficient,compact,1048576,256,1,0.811552,1
efficient,compact,1048576,256,2,0.379808,1
efficient,compact,1048576,256,3,0.430720,1
efficient,compact,1048576,256,4,0.387072,1
efficient,compact,2097152,256,0,0.649440,1
efficient,compact,2097152,256,1,1.052512,1
efficient,compact,2097152,256,2,0.657792,1
efficient,compact,2097152,256,3,0.656896,1
efficient,compact,2097152,256,4,0.678784,1
efficient,compact,4194304,256,0,1.061408,1
efficient,compact,4194304,256,1,1.191360,1
efficient,compact,4194304,256,2,1.130784,1
efficient,compact,4194304,256,3,1.066688,1
efficient,compact,4194304,256,4,1.078304,1
efficient,compact,8388608,256,0,1.945792,1
efficient,compact,8388608,256,1,2.023616,1
efficient,compact,8388608,256,2,2.021632,1
efficient,compact,8388608,256,3,1.945664,1
efficient,compact,8388608,256,4,1.945824,1
efficient,compact,16777216,256,0,3.831552,1
efficient,compact,16777216,256,1,3.914720,1
efficient,compact,16777216,256,2,3.846272,1
efficient,compact,16777216,256,3,3.819008,1
efficient,compact,16777216,256,4,3.817056,1
efficient,compact,33554432,256,0,7.612416,1
efficient,compact,33554432,256,1,8.695392,1
efficient,compact,33554432,256,2,7.584000,1
efficient,compact,33554432,256,3,7.597792,1
efficient,compact,33554432,256,4,7.609440,1
efficient,compact,67108864,256,0,15.317824,1
efficient,compact,67108864,256,1,15.417216,1
efficient,compact,67108864,256,2,15.407840,1
efficient,compact,67108864,256,3,15.329920,1
efficient,compact,67108864,256,4,15.320448,1
efficient,compact,256,512,0,0.147456,1
efficient,compact,256,512,1,0.152576,1
efficient,compact,256,512,2,0.151552,1
efficient,compact,256,512,3,0.150528,1
efficient,compact,256,512,4,0.139264,1
efficient,compact,512,512,0,0.158720,1
efficient,compact,512,512,1,0.481280,1
efficient,compact,512,512,2,0.427008,1
efficient,compact,512,512,3,0.142336,1
efficient,compact,512,512,4,0.143360,1
efficient,compact,1024,512,0,0.458752,1
efficient,compact,1024,512,1,0.161792,1
efficient,compact,1024,512,2,0.179200,1
efficient,compact,1024,512,3,0.173056,1
efficient,compact,1024,512,4,0.171008,1
efficient,compact,2048,512,0,0.175104,1
efficient,compact,2048,512,1,0.203776,1
efficient,compact,2048,512,2,0.152576,1
efficient,compact,2048,512,3,0.198656,1
efficient,compact,2048,512,4,0.182272,1
efficient,compact,4096,512,0,0.190464,1
efficient,compact,4096,512,1,0.315392,1
efficient,compact,4096,512,2,0.248832,1
efficient,compact,4096,512,3,0.196608,1
efficient,compact,4096,512,4,0.182272,1
efficient,compact,8192,512,0,0.229376,1
efficient,compact,8192,512,1,0.196640,1
efficient,compact,8192,512,2,0.200704,1
efficient,compact,8192,512,3,0.222208,1
efficient,compact,8192,512,4,0.300032,1
efficient,compact,16384,512,0,0.238592,1
efficient,compact,16384,512,1,0.201728,1
efficient,compact,16384,512,2,0.245760,1
efficient,compact,16384,512,3,0.238592,1
efficient,compact,16384,512,4,0.224256,1
efficient,compact,32768,512,0,0.334400,1
efficient,compact,32768,512,1,0.292736,1
efficient,compact,32768,512,2,0.266944,1
efficient,compact,32768,512,3,0.263296,1
efficient,compact,32768,512,4,0.259456,1
efficient,compact,65536,512,0,0.574240,1
efficient,compact,65536,512,1,0.324384,1
efficient,compact,65536,512,2,0.318304,1
efficient,compact,65536,512,3,0.305312,1
efficient,compact,65536,512,4,0.290912,1
efficient,compact,131072,512,0,0.316544,1
efficient,compact,131072,512,1,0.395008,1
efficient,compact,131072,512,2,0.334048,1
efficient,compact,131072,512,3,0.297216,1
efficient,compact,131072,512,4,0.450752,1
efficient,compact,262144,512,0,0.359008,1
efficient,compact,262144,512,1,0.388032,1
efficient,compact,262144,512,2,0.337472,1
efficient,compact,262144,512,3,0.351648,1
efficient,compact,262144,512,4,0.619200,1
efficient,compact,524288,512,0,0.347360,1
efficient,compact,524288,512,1,0.591776,1
efficient,compact,524288,512,2,0.391232,1
efficient,compact,524288,512,3,0.374496,1
efficient,compact,524288,512,4,0.415744,1
efficient,compact,1048576,512,0,0.394496,1
efficient,compact,1048576,512,1,0.613280,1
efficient,compact,1048576,512,2,0.504608,1
efficient,compact,1048576,512,3,0.521760,1
efficient,compact,1048576,512,4,0.432832,1
efficient,compact,2097152,512,0,0.702752,1
efficient,compact,2097152,512,1,0.759360,1
efficient,compact,2097152,512,2,0.756416,1
efficient,compact,2097152,512,3,0.659232,1
efficient,compact,2097152,512,4,0.706976,1
efficient,compact,4194304,512,0,1.104000,1
efficient,compact,4194304,512,1,1.483328,1
efficient,compact,4194304,512,2,0.994272,1
efficient,compact,4194304,512,3,1.076224,1
efficient,compact,4194304,512,4,1.031392,1
efficient,compact,8388608,512,0,1.896576,1
efficient,compact,8388608,512,1,2.263008,1
efficient,compact,8388608,512,2,1.868224,1
efficient,compact,8388608,512,3,1.843264,1
efficient,compact,8388608,512,4,1.840064,1
efficient,compact,16777216,512,0,3.619168,1
efficient,compact,16777216,512,1,3.674848,1
efficient,compact,16777216,512,2,3.608672,1
efficient,compact,16777216,512,3,3.590048,1
efficient,compact,16777216,512,4,3.613664,1
efficient,compact,33554432,512,0,7.135776,1
efficient,compact,33554432,512,1,7.243584,1
efficient,compact,33554432,512,2,7.145088,1
efficient,compact,33554432,512,3,7.156640,1
efficient,compact,33554432,512,4,7.155392,1
efficient,compact,67108864,512,0,14.365920,1
efficient,compact,67108864,512,1,14.466400,1
efficient,compact,67108864,512,2,14.351072,1
efficient,compact,67108864,512,3,14.375616,1
efficient,compact,67108864,512,4,14.395360,1
efficient,compact,256,1024,0,0.126976,1
efficient,compact,256,1024,1,0.135168,1
efficient,compact,256,1024,2,0.143360,1
efficient,compact,256,1024,3,0.151552,1
efficient,compact,256,1024,4,0.137376,1
efficient,compact,512,1024,0,0.158720,1
efficient,compact,512,1024,1,0.459776,1
efficient,compact,512,1024,2,0.248832,1
efficient,compact,512,1024,3,0.135168,1
efficient,compact,512,1024,4,0.142336,1
efficient,compact,1024,1024,0,0.161792,1
efficient,compact,1024,1024,1,0.155648,1
efficient,compact,1024,1024,2,0.171008,1
efficient,compact,1024,1024,3,0.169984,1
efficient,compact,1024,1024,4,0.168960,1
efficient,compact,2048,1024,0,0.160768,1
efficient,compact,2048,1024,1,0.151552,1
efficient,compact,2048,1024,2,0.196608,1
efficient,compact,2048,1024,3,0.176128,1
efficient,compact,2048,1024,4,0.175104,1
efficient,compact,4096,1024,0,0.179200,1
efficient,compact,4096,1024,1,0.151552,1
efficient,compact,4096,1024,2,0.192512,1
efficient,compact,4096,1024,3,0.227328,1
efficient,compact,4096,1024,4,0.202752,1
efficient,compact,8192,1024,0,0.230400,1
efficient,compact,8192,1024,1,0.177152,1
efficient,compact,8192,1024,2,0.210944,1
efficient,compact,8192,1024,3,0.215040,1
efficient,compact,8192,1024,4,0.189440,1
efficient,compact,16384,1024,0,0.237568,1
efficient,compact,16384,1024,1,0.191488,1
efficient,compact,16384,1024,2,0.241664,1
efficient,compact,16384,1024,3,0.222208,1
efficient,compact,16384,1024,4,0.238592,1
efficient,compact,32768,1024,0,0.327072,1
efficient,compact,32768,1024,1,0.326336,1
efficient,compact,32768,1024,2,0.260800,1
efficient,compact,32768,1024,3,0.271648,1
efficient,compact,32768,1024,4,0.258944,1
efficient,compact,65536,1024,0,0.279904,1
efficient,compact,65536,1024,1,0.374592,1
efficient,compact,65536,1024,2,0.300416,1
efficient,compact,65536,1024,3,0.280704,1
efficient,compact,65536,1024,4,0.306784,1
efficient,compact,131072,1024,0,0.291200,1
efficient,compact,131072,1024,1,0.645376,1
efficient,compact,131072,1024,2,0.332704,1
efficient,compact,131072,1024,3,0.348544,1
efficient,compact,131072,1024,4,0.335392,1
efficient,compact,262144,1024,0,0.330592,1
efficient,compact,262144,1024,1,0.417216,1
efficient,compact,262144,1024,2,0.426592,1
efficient,compact,262144,1024,3,0.359680,1
efficient,compact,262144,1024,4,0.328224,1
efficient,compact,524288,1024,0,0.409376,1
efficient,compact,524288,1024,1,0.744000,1
efficient,compact,524288,1024,2,0.418080,1
efficient,compact,524288,1024,3,0.448448,1
efficient,compact,524288,1024,4,0.394240,1
efficient,compact,1048576,1024,0,0.497856,1
efficient,compact,1048576,1024,1,0.859904,1
efficient,compact,1048576,1024,2,0.450656,1
efficient,compact,1048576,1024,3,0.438240,1
efficient,compact,1048576,1024,4,0.469728,1
efficient,compact,2097152,1024,0,0.756352,1
efficient,compact,2097152,1024,1,1.030496,1
efficient,compact,2097152,1024,2,0.804288,1
efficient,compact,2097152,1024,3,0.716896,1
efficient,compact,2097152,1024,4,0.717184,1
efficient,compact,4194304,1024,0,1.256832,1
efficient,compact,4194304,1024,1,1.335296,1
efficient,compact,4194304,1024,2,1.651808,1
efficient,compact,4194304,1024,3,1.252704,1
efficient,compact,4194304,1024,4,1.249088,1
efficient,compact,8388608,1024,0,2.338656,1
efficient,compact,8388608,1024,1,2.815328,1
efficient,compact,8388608,1024,2,2.386752,1
efficient,compact,8388608,1024,3,2.348544,1
efficient,compact,8388608,1024,4,2.342240,1
efficient,compact,16777216,1024,0,4.665088,1
efficient,compact,16777216,1024,1,4.733664,1
efficient,compact,16777216,1024,2,5.344800,1
efficient,compact,16777216,1024,3,4.652480,1
efficient,compact,16777216,1024,4,4.659648,1
efficient,compact,33554432,1024,0,9.445024,1
efficient,compact,33554432,1024,1,9.527072,1
efficient,compact,33554432,1024,2,9.522336,1
efficient,compact,33554432,1024,3,9.459808,1
efficient,compact,33554432,1024,4,9.463808,1
efficient,compact,67108864,1024,0,19.052160,1
efficient,compact,67108864,1024,1,19.117952,1
efficient,compact,67108864,1024,2,19.047199,1
efficient,compact,67108864,1024,3,19.043903,1
efficient,compact,67108864,1024,4,19.065248,1
thrust,scan,256,0,0,0.025568,1
thrust,scan,256,0,1,0.025408,1
thrust,scan,256,0,2,0.025440,1
thrust,scan,256,0,3,0.026624,1
thrust,scan,256,0,4,0.025600,1
thrust,scan,512,0,0,0.024640,1
thrust,scan,512,0,1,0.215072,1
thrust,scan,512,0,2,0.052480,1
thrust,scan,512,0,3,0.062432,1
thrust,scan,512,0,4,0.033792,1
thrust,scan,1024,0,0,0.053248,1
thrust,scan,1024,0,1,0.047296,1
thrust,scan,1024,0,2,0.047296,1
thrust,scan,1024,0,3,0.038912,1
thrust,scan,1024,0,4,0.024576,1
thrust,scan,2048,0,0,0.025600,1
thrust,scan,2048,0,1,0.045056,1
thrust,scan,2048,0,2,0.050176,1
thrust,scan,2048,0,3,0.026624,1
thrust,scan,2048,0,4,0.050176,1
thrust,scan,4096,0,0,0.039136,1
thrust,scan,4096,0,1,0.026624,1
thrust,scan,4096,0,2,0.025600,1
thrust,scan,4096,0,3,0.025600,1
thrust,scan,4096,0,4,0.025600,1
thrust,scan,8192,0,0,0.024768,1
thrust,scan,8192,0,1,0.025600,1
thrust,scan,8192,0,2,0.025600,1
thrust,scan,8192,0,3,0.025600,1
thrust,scan,8192,0,4,0.050176,1
thrust,scan,16384,0,0,0.025696,1
thrust,scan,16384,0,1,0.027744,1
thrust,scan,16384,0,2,0.034816,1
thrust,scan,16384,0,3,0.359200,1
thrust,scan,16384,0,4,0.039936,1
thrust,scan,32768,0,0,0.034816,1
thrust,scan,32768,0,1,0.038912,1
thrust,scan,32768,0,2,0.039808,1
thrust,scan,32768,0,3,0.039904,1
thrust,scan,32768,0,4,0.038976,1
thrust,scan,65536,0,0,0.026624,1
thrust,scan,65536,0,1,0.039936,1
thrust,scan,65536,0,2,0.034816,1
thrust,scan,65536,0,3,0.039936,1
thrust,scan,65536,0,4,0.026624,1
thrust,scan,131072,0,0,0.039936,1
thrust,scan,131072,0,1,0.047104,1
thrust,scan,131072,0,2,0.040224,1
thrust,scan,131072,0,3,0.026656,1
thrust,scan,131072,0,4,0.360448,1
thrust,scan,262144,0,0,0.368640,1
thrust,scan,262144,0,1,0.451808,1
thrust,scan,262144,0,2,0.367584,1
thrust,scan,262144,0,3,0.531264,1
thrust,scan,262144,0,4,0.433920,1
thrust,scan,524288,0,0,0.389120,1
thrust,scan,524288,0,1,0.587776,1
thrust,scan,524288,0,2,0.409568,1
thrust,scan,524288,0,3,0.357376,1
thrust,scan,524288,0,4,0.366656,1
thrust,scan,1048576,0,0,0.388096,1
thrust,scan,1048576,0,1,0.490496,1
thrust,scan,1048576,0,2,0.405536,1
thrust,scan,1048576,0,3,0.416768,1
thrust,scan,1048576,0,4,0.395264,1
thrust,scan,2097152,0,0,0.403456,1
thrust,scan,2097152,0,1,0.689152,1
thrust,scan,2097152,0,2,0.481248,1
thrust,scan,2097152,0,3,0.483520,1
thrust,scan,2097152,0,4,0.438272,1
thrust,scan,4194304,0,0,0.495616,1
thrust,scan,4194304,0,1,0.489344,1
thrust,scan,4194304,0,2,0.515232,1
thrust,scan,4194304,0,3,0.486400,1
thrust,scan,4194304,0,4,0.423840,1
thrust,scan,8388608,0,0,0.522240,1
thrust,scan,8388608,0,1,0.820160,1
thrust,scan,8388608,0,2,0.519168,1
thrust,scan,8388608,0,3,0.508864,1
thrust,scan,8388608,0,4,0.510912,1
thrust,scan,16777216,0,0,0.741632,1
thrust,scan,16777216,0,1,0.691200,1
thrust,scan,16777216,0,2,0.710976,1
thrust,scan,16777216,0,3,0.744448,1
thrust,scan,16777216,0,4,0.695296,1
thrust,scan,33554432,0,0,0.959488,1
thrust,scan,33554432,0,1,1.050624,1
thrust,scan,33554432,0,2,0.957440,1
thrust,scan,33554432,0,3,0.998112,1
thrust,scan,33554432,0,4,1.039360,1
thrust,scan,67108864,0,0,1.470304,1
thrust,scan,67108864,0,1,1.552384,1
thrust,scan,67108864,0,2,1.444864,1
thrust,scan,67108864,0,3,1.503232,1
thrust,scan,67108864,0,4,1.483872,1
